StartDate,EndDate,Status,Progress,Duration (in seconds),Finished,RecordedDate,ResponseId,DistributionChannel,UserLanguage,Informed Consent,Q1,Q2,Q3,Q4,Q4_7_TEXT,Q5,Q5_6_TEXT,Q6,Q6_1_TEXT,Q7,Q8,Q9,Q10,Q11_1,Q11_2,Q11_3,Q11_4,Q11_5,Q12_1,Q12_2,Q12_3,Q12_4,Q12_5,Q12_6,Q12_7,Q13,Q14,Q15
Start Date,End Date,Response Type,Progress,Duration (in seconds),Finished,Recorded Date,Response ID,Distribution Channel,User Language,"This research project is being conducted by Dr. Georgia Mavrommati from School for the Environment at University of Massachusetts, Boston, Massachusetts, USA. The purpose of this study is to better understand students’ perceptions of bottled water versus tap water. Your responses are anonymous. Your participation is voluntary. Completion of the survey should take approximately 5-10 minutes. You may choose not to answer any or all questions. Questions about this project may be directed to: and/or Georgia Mavrommati, email: georgia.mavrommati@umb.edu",How old are you?,Choose your current educational status:,Select all options that best describe your race/ethnicity:,Please indicate your gender: - Selected Choice,Please indicate your gender: - Gender not listed. My gender is - Text,Select the option that best describes your political views: - Selected Choice,Select the option that best describes your political views: - Other - Text,What is your current residential zipcode? - Selected Choice,What is your current residential zipcode? - Zip Code - Text,Are there any drinking water quality issues in your town or neighborhood?,What is your primary source of drinking water?,Do you consistently use a reusable water bottle?,What is the water source in your home?,Select the option that most closely aligns with your beliefs: - Drinking tap water at home is safe.,Select the option that most closely aligns with your beliefs: - Drinking tap water on campus is safe.,Select the option that most closely aligns with your beliefs: - Drinking plastic bottled water is safe.,Select the option that most closely aligns with your beliefs: - My local governments provide reliable information about the safety of drinking water.,Select the option that most closely aligns with your beliefs: - My choice between bottled and tap water is influenced by water quality in my community or stories from other communities.,Rank the following attributes of water from most to least influential in your decision about what water to drink: - Taste,Rank the following attributes of water from most to least influential in your decision about what water to drink: - Appearance,Rank the following attributes of water from most to least influential in your decision about what water to drink: - Health,Rank the following attributes of water from most to least influential in your decision about what water to drink: - Convenience,Rank the following attributes of water from most to least influential in your decision about what water to drink: - Environmental impact,Rank the following attributes of water from most to least influential in your decision about what water to drink: - Cost,Rank the following attributes of water from most to least influential in your decision about what water to drink: - Source or origin,What would make you trust the safety of tap water more?,Do you filter your tap water?,How many glasses (or bottles/cans/boxes) of water do you drink a day?
9/28/2023 11:11,9/28/2023 11:11,1,100,36,1,9/28/2023 11:11,R_3MQDL8JJi9TamqA,preview,EN,,16,,,,,,,,,,,,,,,,,,,,,,,,,,,
10/17/2023 16:05,10/17/2023 16:47,1,100,2475,1,10/17/2023 16:47,R_3lVNao7ghU0QO9l,preview,EN,,20,6,5,1,,3,,1,02125,2,1,1,2,1,2,4,3,3,3,5,1,6,4,7,2,Nothing ,1,3
10/18/2023 13:28,10/18/2023 13:31,1,100,188,1,10/18/2023 13:31,R_2rMwrCwVCK1Yo64,preview,EN,,29,5,5,1,,4,,1,02052,2,1,1,1,2,2,4,2,2,3,2,1,7,4,5,6,A report on the quality of the water,1,4
10/19/2023 15:10,10/19/2023 15:12,1,100,125,1,10/19/2023 15:13,R_cCvlPG1Rj09Bpa9,preview,EN,,,,,,,,,,,,,,,,,,,,4,1,2,3,5,6,7,,,
10/19/2023 18:55,10/19/2023 18:59,0,100,200,1,10/19/2023 18:59,R_2aFuvR2pIipvsGu,anonymous,EN,,60,6,5,1,,5,,1,02169,,1,1,2,1,1,1,1,5,,,,,,,,,2,2
10/20/2023 6:55,10/20/2023 6:58,0,100,207,1,10/20/2023 6:58,R_ePBE5xEMTmpyALf,anonymous,EN,,23,5,7,1,,4,,1,02144,,1,1,2,2,2,3,2,2,3,1,2,4,6,5,7,public weekly testing ,1,2
10/20/2023 7:06,10/20/2023 7:10,0,100,232,1,10/20/2023 7:10,R_22z6qDBoiQebDcr,anonymous,EN,,35,5,5,1,,6,independent,1,02066,1,1,1,2,2,2,2,2,1,5,6,2,3,4,7,1,at home testing,1,4
10/20/2023 10:57,10/20/2023 11:00,0,100,130,1,10/20/2023 11:00,R_3m8zVWaqRnQFQm6,anonymous,EN,,35,6,5,1,,5,,1,02370,1,1,1,2,2,2,2,2,4,2,7,6,3,1,4,5,Maybe if I got an annual water quality report,1,2
10/20/2023 11:55,10/20/2023 11:57,0,100,104,1,10/20/2023 11:57,R_881sIaUUVzCHzW1,anonymous,EN,,29,5,5,1,,4,,1,02052,2,1,1,1,2,2,4,2,2,3,4,1,5,2,6,7,A published report of what is in it ,1,4
10/23/2023 15:46,10/23/2023 15:50,0,100,242,1,10/23/2023 15:50,R_06TrTdHoSjDHdW9,anonymous,EN,,26,5,5,2,,5,,1,02045,2,1,1,2,1,2,4,2,2,4,3,1,5,2,6,7,Test kits,1,2
10/24/2023 13:59,10/24/2023 14:01,0,100,120,1,10/24/2023 14:01,R_2Ea834ljXmeeopQ,anonymous,EN,,24,5,5,1,,3,,1,01960,2,3,1,2,3,3,3,3,3,1,5,3,2,4,6,7,,,2
10/24/2023 14:40,10/24/2023 15:05,0,100,1525,1,10/24/2023 15:05,R_AvWimJ1NDUnXkT7,anonymous,EN,,26,5,5,2,,5,,1,02045,2,1,1,2,1,1,4,3,2,4,5,1,3,2,6,7,test kits,1,2
10/26/2023 13:07,10/26/2023 13:08,1,100,8,1,10/26/2023 13:08,R_21EZhyuAcQFYsTR,preview,EN,7,,,,,,,,,,,,,,,,,,,,,,,,,,,,
10/24/2023 15:03,10/24/2023 19:08,0,7,14721,0,10/31/2023 19:08,R_10MkY7yfwvuhgXF,anonymous,EN,,38,,,,,,,,,,,,,,,,,,,,,,,,,,,
11/1/2023 8:59,11/1/2023 9:10,0,100,631,1,11/1/2023 9:10,R_2fCYp1I0nBr7w0E,anonymous,EN,4,18,1,2,2,,3,,3,,2,1,1,2,1,4,1,4,3,2,3,1,5,6,7,4,,1,1
11/1/2023 9:07,11/1/2023 9:10,0,100,173,1,11/1/2023 9:10,R_3OjhCc4vEc9tHfw,anonymous,EN,4,18,1,3,2,,3,,3,,2,2,1,2,3,2,2,3,1,6,2,1,3,5,7,4,National clean water,,2
11/1/2023 9:10,11/1/2023 9:12,0,100,95,1,11/1/2023 9:12,R_1E0E7vgXZIChVIn,anonymous,EN,4,20,3,5,2,,5,,1,02128,2,1,1,2,1,2,1,2,1,4,2,5,6,3,1,7,Nothin I’m fine with it,1,2
11/1/2023 9:10,11/1/2023 9:12,0,100,130,1,11/1/2023 9:12,R_1GOeHMsunTBjHbV,anonymous,EN,4,19,1,2,5,,3,,3,,,1,1,2,3,3,2,3,2,,,,,,,,,1,2
11/1/2023 9:12,11/1/2023 9:15,0,100,200,1,11/1/2023 9:15,R_28OgrrrxVrKbh3w,anonymous,EN,4,18,1,6,1,,4,,1,02302,,1,2,2,2,2,1,3,1,3,2,5,1,6,4,7,Filter ,,3
11/1/2023 9:13,11/1/2023 9:15,0,100,165,1,11/1/2023 9:15,R_1OQfDGD7jVu75L2,anonymous,EN,4,18,2,2,8,,1,,3,,2,1,2,1,3,4,5,2,3,,,,,,,,home,1,2
11/1/2023 9:15,11/1/2023 9:17,0,100,121,1,11/1/2023 9:17,R_YRnlQjgKmzC8mZz,anonymous,EN,4,19,2,5,2,,7,,3,,1,3,1,2,5,3,1,3,3,4,5,3,7,6,1,2,If they actually purified the water properly,,2
11/1/2023 9:16,11/1/2023 9:19,0,100,190,1,11/1/2023 9:19,R_3dXR6mGW7pc0UmM,anonymous,EN,4,26,4,5,2,,4,,1,02054,2,2,2,2,1,3,2,2,4,3,1,2,6,4,5,7,more government update and testing clarity,,2
11/1/2023 9:17,11/1/2023 9:20,0,100,167,1,11/1/2023 9:20,R_2AHcdr2DDd6J1KR,anonymous,EN,4,18,1,3,1,,5,,1,02445,2,2,1,,2,5,1,2,2,1,2,3,7,5,4,6,Knowing where it comes from and what’s in it,,2
11/1/2023 9:19,11/1/2023 9:22,0,100,146,1,11/1/2023 9:22,R_A1DjaZQJDiT1qff,anonymous,EN,4,19,1,6,1,,4,,3,,2,1,1,2,2,2,3,3,4,,,,,,,,Having a filter on the tap ,1,3
11/1/2023 9:20,11/1/2023 9:22,0,100,124,1,11/1/2023 9:22,R_7O6gY4iUZrSzGff,anonymous,EN,4,18,1,5,2,,5,,1,02125,,1,2,2,1,1,1,3,4,3,6,4,1,5,2,7,Maybe if I owned a filter,2,2
11/1/2023 9:24,11/1/2023 9:28,0,100,214,1,11/1/2023 9:28,R_RRL2q8MH10ii1d7,qr,EN,4,18,1,6,1,,3,,1,02169,,2,1,,3,3,2,3,4,4,5,2,3,6,1,7,Having a water filter in the tap ,,2
11/1/2023 9:26,11/1/2023 9:28,0,100,119,1,11/1/2023 9:28,R_3iX3gK1WvXLzPyo,qr,EN,4,20,3,2,1,,5,,1,02130,2,1,1,,2,4,2,3,1,1,2,3,7,6,5,4,Appearing clear,1,2
11/1/2023 9:26,11/1/2023 9:29,0,100,179,1,11/1/2023 9:29,R_Y0uCPjvdJlFXJcd,qr,EN,4,19,2,2,1,,4,,1,02122,1,2,2,2,5,5,2,4,2,1,2,5,3,6,4,7,easy access to water tests ,,2
11/1/2023 9:24,11/1/2023 9:29,0,100,282,1,11/1/2023 9:29,R_1gtMkMYkBbN0wsV,qr,EN,4,18,1,5,1,,5,,,,,1,1,2,2,2,1,4,1,3,1,4,6,5,2,7,If people regularly used it in my area ,1,1
11/1/2023 9:25,11/1/2023 9:30,0,100,294,1,11/1/2023 9:30,R_3jdilPiSWhbGzAP,qr,EN,4,19,2,3,1,,4,,1,02124,,2,1,2,2,3,1,3,1,1,6,2,3,4,5,7,Nothing I don’t like taste of tap water ,,2
11/1/2023 9:25,11/1/2023 9:31,0,100,345,1,11/1/2023 9:31,R_6GnAdCWbqvaGqQh,qr,EN,4,26,4,6,1,,4,,1,02169,2,3,2,,3,4,4,5,1,5,7,4,6,3,1,2,If I knew where it’s sourced from ,,1
11/1/2023 9:26,11/1/2023 9:32,0,100,347,1,11/1/2023 9:32,R_3NUioSnsUjLW1qD,qr,EN,4,29,1,5,1,,3,,1,02769,1,2,2,1,5,2,1,3,3,,,,,,,,,,4
11/1/2023 10:32,11/1/2023 10:36,0,100,213,1,11/1/2023 10:36,R_2DM3vQ7Upu765yn,qr,EN,4,29,6,7,2,,4,,3,,1,1,1,2,2,2,2,2,2,5,2,1,4,6,7,3,More information about the water,2,3
11/1/2023 10:55,11/1/2023 10:57,0,100,142,1,11/1/2023 10:57,R_REnaWxIYQqgvF4t,qr,EN,4,26,3,2,7,Male,3,,1,02124,1,3,1,1,5,4,4,5,1,,,,,,,,idk,,2
11/1/2023 10:56,11/1/2023 10:58,0,100,128,1,11/1/2023 10:58,R_aXATxS5BKpFM0eJ,qr,EN,4,19,1,"3,5",1,,7,,1,252125,1,1,2,1,1,2,1,1,1,7,2,1,3,6,4,5,Nothing all I know is don’t drink worcester water,2,1
11/1/2023 10:55,11/1/2023 10:58,0,100,188,1,11/1/2023 10:58,R_3HBIAlYuw8vWAmY,qr,EN,4,26,4,1,,,4,,3,,2,1,1,,1,2,3,4,3,2,7,5,4,1,3,6,N/A,1,2
11/1/2023 10:56,11/1/2023 10:58,0,100,154,1,11/1/2023 10:58,R_217n7NHNKPA4DqA,qr,EN,4,18,1,"5,6",1,,3,,1,02125,2,2,1,,2,2,1,2,3,1,2,5,4,6,3,7,Knowing more about the filtration system ,,2
11/1/2023 10:57,11/1/2023 10:59,0,100,121,1,11/1/2023 10:59,R_ypwFRVvpYHCfm0x,qr,EN,4,22,2,2,1,,3,,1,02368,2,2,2,1,4,3,1,3,2,,,,,,,,,,2
11/1/2023 10:56,11/1/2023 10:59,0,100,170,1,11/1/2023 10:59,R_1erCKyJSJjJgY1A,qr,EN,4,22,2,5,1,,1,,1,02180,2,2,1,2,2,3,1,2,2,6,5,1,2,7,4,3,,,3
11/1/2023 10:57,11/1/2023 11:02,0,100,278,1,11/1/2023 11:02,R_1rf6berAHeA7Rmg,qr,EN,4,20,3,6,1,,7,,1,02119,2,2,2,,2,3,1,3,3,2,1,5,6,7,4,3,,,2
11/1/2023 11:00,11/1/2023 11:02,0,100,112,1,11/1/2023 11:02,R_231OAPAFdvGgfyX,qr,EN,4,18,4,5,2,,4,,3,,2,1,2,2,1,2,1,2,3,,,,,,,,,2,2
11/1/2023 10:59,11/1/2023 11:02,0,100,187,1,11/1/2023 11:02,R_3hrK3l5SBGhBhMN,qr,EN,4,23,4,2,1,,4,,3,,,1,1,2,4,3,3,4,2,3,5,2,6,4,7,1,Water filter ,1,1
11/1/2023 11:01,11/1/2023 11:03,0,100,72,1,11/1/2023 11:03,R_vuIfoZtKczbSxi1,qr,EN,4,19,1,7,1,,7,,3,,2,4,,,,,,,,,,,,,,,,,
11/1/2023 11:00,11/1/2023 11:03,0,100,153,1,11/1/2023 11:03,R_3MsxQ1CTfUmvjCf,qr,EN,4,24,5,5,2,,4,,3,,,3,1,2,4,4,3,4,1,,,,,,,,If the water is filtered at home or properly sealed and comes from a trusted place. ,,2
11/1/2023 10:59,11/1/2023 11:03,0,100,224,1,11/1/2023 11:03,R_1Q3iY8NM3n9nYD4,qr,EN,4,32,4,2,7,Female ,1,,1,02170,2,1,1,1,3,4,2,2,2,,,,,,,,,1,3
11/1/2023 11:01,11/1/2023 11:05,0,100,192,1,11/1/2023 11:05,R_1rdDkulbTV09Nda,qr,EN,4,20,3,5,2,,6,,1,02125,,1,1,2,3,3,2,3,2,,,,,,,,"A filter, which I use!",1,2
11/1/2023 11:02,11/1/2023 11:05,0,100,225,1,11/1/2023 11:05,R_3NU5DMCOYjhCDy0,qr,EN,4,20,3,2,1,,7,,1,02446,2,2,3,,4,3,3,3,3,2,7,1,5,6,4,3,I feel like i have a emotional connection to how tap water is gross because you never know what the filtered water has even if people who control the water supply know ,,2
11/1/2023 11:02,11/1/2023 11:06,0,100,251,1,11/1/2023 11:06,R_30i7wdju8XTqhjW,qr,EN,4,21,2,2,2,,7,,1,01902,2,2,1,2,1,1,2,2,2,,,,,,,,,,4
11/1/2023 11:04,11/1/2023 11:11,0,100,366,1,11/1/2023 11:11,R_qLe2oEIInN3cRGh,qr,EN,4,19,3,6,1,,2,,1,02125,1,1,1,2,2,5,1,2,1,3,4,2,5,6,7,1,The taste and source ,1,2
11/1/2023 11:08,11/1/2023 11:12,0,100,269,1,11/1/2023 11:12,R_2WA7OSFieTj9DG0,qr,EN,4,24,8,"5,6",2,,4,,1,01890,2,1,2,2,2,2,1,3,3,6,4,1,3,5,2,7,,1,2
11/1/2023 11:13,11/1/2023 11:18,0,100,243,1,11/1/2023 11:18,R_2OHGCpLkrR5ippM,qr,EN,4,21,4,6,1,,7,,1,02124,1,2,2,1,4,4,2,3,2,4,1,3,2,5,6,7,Better cleaning service,,1
11/1/2023 11:14,11/1/2023 11:19,0,100,263,1,11/1/2023 11:19,R_3O6yjx8p2bCgePB,qr,EN,4,18,1,5,2,,5,,1,02125,2,2,1,,2,3,1,2,4,1,2,3,7,4,6,5,Knowing where my water comes from.,,2
11/1/2023 11:16,11/1/2023 11:19,0,100,210,1,11/1/2023 11:19,R_3qTJbcFjSlLN87p,qr,EN,4,18,1,5,2,,3,,3,,1,1,1,,2,3,2,3,2,7,6,1,4,3,2,5,,1,3
11/1/2023 11:14,11/1/2023 11:20,0,100,334,1,11/1/2023 11:20,R_3kdnRP8QxJRNa8H,qr,EN,4,18,1,"1,3,5",1,,4,,3,,1,2,2,2,4,2,1,1,2,5,7,1,2,4,3,6,Verification of several and frequent water quality test from a (preferably federal) third party ,,1
11/1/2023 11:16,11/1/2023 11:22,0,100,359,1,11/1/2023 11:22,R_UPZGqtPs5tzd9ZL,qr,EN,4,21,2,3,1,,7,,1,02125,,2,1,,4,5,1,5,3,2,1,3,5,6,4,7,A filter,,2
11/1/2023 11:21,11/1/2023 11:24,0,100,165,1,11/1/2023 11:24,R_DIBXRSDTxjaqlkB,qr,EN,4,18,1,6,1,,3,,1,02149,1,2,2,,4,2,1,5,1,1,6,2,4,5,7,3,If it smelled like it was safe to drink ,,2
11/1/2023 11:22,11/1/2023 11:24,0,100,136,1,11/1/2023 11:24,R_2tDtWVwZ7yDozyq,qr,EN,4,19,2,6,2,,4,,1,02125,2,2,1,2,2,4,1,2,1,1,7,2,4,3,5,6,,,3
11/1/2023 11:23,11/1/2023 11:25,0,100,114,1,11/1/2023 11:25,R_Z2EiNzhyactnk8F,qr,EN,4,18,1,"2,6",8,,5,,1,02125,1,2,2,2,4,5,2,3,2,,,,,,,,better taste/color,,2
11/1/2023 11:23,11/1/2023 11:26,0,100,135,1,11/1/2023 11:26,R_1OTDBdntPn9eUWd,qr,EN,4,18,1,2,1,,5,,1,02125,1,2,1,2,4,3,2,5,2,,,,,,,,Knowing that it comes from a clean source ,,2
11/1/2023 11:23,11/1/2023 11:26,0,100,167,1,11/1/2023 11:26,R_22n2WsPp9TQdLyb,qr,EN,4,18,1,5,5,,5,,1,02125,1,2,2,2,2,4,1,3,1,2,1,3,7,5,4,6,The look and smell.,,2
11/1/2023 11:24,11/1/2023 11:26,0,100,168,1,11/1/2023 11:26,R_3kyUZpDEtigrRux,qr,EN,4,18,1,5,1,,5,,,,1,2,1,2,2,2,2,5,3,4,3,6,1,7,2,5,If the government didn’t mess with it and just cleaned up a bit more ,,2
11/1/2023 11:24,11/1/2023 11:26,0,100,150,1,11/1/2023 11:26,R_wXXFC3lycvDqm1H,qr,EN,4,22,3,5,2,,4,,3,,2,2,1,,2,5,1,5,3,,,,,,,,,,2
11/1/2023 11:24,11/1/2023 11:27,0,100,144,1,11/1/2023 11:27,R_3KrbhdDi8oPdqWs,qr,EN,4,19,2,5,1,,4,,1,02301,2,1,1,,2,2,2,4,2,3,7,1,6,2,4,5,transperency,1,3
11/1/2023 11:24,11/1/2023 11:27,0,100,157,1,11/1/2023 11:27,R_2q7ZQ9ZYLSSwR4b,qr,EN,4,21,1,5,1,,3,,3,,,2,2,,4,4,2,4,1,3,5,2,4,6,7,1,a brita filter ,,2
11/1/2023 11:25,11/1/2023 11:29,0,100,206,1,11/1/2023 11:29,R_WDv0lO6nWnyC6OZ,qr,EN,4,19,2,5,1,,4,,1,02125,,1,1,2,4,2,1,3,1,4,7,1,3,5,2,6,,1,2
11/1/2023 11:30,11/1/2023 11:31,0,100,34,1,11/1/2023 11:31,R_3I0sCraCD7cs5HH,qr,EN,7,,,,,,,,,,,,,,,,,,,,,,,,,,,,
11/1/2023 11:29,11/1/2023 11:31,0,100,121,1,11/1/2023 11:31,R_1dowyfCRv0U7mik,qr,EN,4,18,1,"5,6",1,,7,,3,,,1,1,2,2,4,1,3,2,2,4,1,3,7,5,6,,1,2
11/1/2023 11:30,11/1/2023 11:32,0,100,138,1,11/1/2023 11:32,R_3fH9usljm5qlkkq,qr,EN,4,18,1,3,1,,7,,3,,2,3,1,1,5,1,2,3,1,,,,,,,,Knowing where it’s coming from and how it taste ,,3
11/1/2023 11:31,11/1/2023 11:34,0,100,216,1,11/1/2023 11:34,R_2wyvtWGBxOtfzfN,qr,EN,4,20,2,2,1,,7,,1,02124,1,1,1,2,3,3,3,3,5,3,6,7,1,5,2,4,,1,2
11/1/2023 11:34,11/1/2023 11:40,0,100,359,1,11/1/2023 11:40,R_1mJyBTUktEG12Y9,qr,EN,4,33,5,3,1,,5,,1,02124,2,1,1,2,1,1,3,1,5,2,7,1,4,5,3,6,,2,1
11/1/2023 11:15,11/1/2023 15:08,0,100,13995,1,11/1/2023 15:08,R_12iq4nQHt55CUry,qr,EN,4,18,1,2,1,,7,,1,02184,2,2,1,2,2,3,2,1,2,,,,,,,,Probably with how the water quality was supplied to the town that I lived at. ,,2
11/1/2023 15:09,11/1/2023 15:14,0,100,255,1,11/1/2023 15:14,R_248G6dP9krRvsng,qr,EN,4,32,6,5,1,,4,,1,02169,,1,1,,1,1,3,2,4,7,5,6,3,1,2,4,,2,3
11/1/2023 15:17,11/1/2023 15:20,0,100,158,1,11/1/2023 15:20,R_1MLO7tKrZTrnkEK,qr,EN,4,18,1,3,1,,7,,1,02119,2,2,1,2,3,4,2,3,3,5,2,3,6,1,4,7,to know if it’s spruce is clean ,,2
11/1/2023 15:16,11/1/2023 15:21,0,100,323,1,11/1/2023 15:21,R_32JZJuExBIucY77,qr,EN,4,22,4,"2,5",1,,3,,1,02072,2,1,1,2,2,2,2,3,1,,,,,,,,If I knew more about where it comes from/how it’s filtered without having to look for the information ,1,3
11/1/2023 15:19,11/1/2023 15:22,0,100,194,1,11/1/2023 15:22,R_3F4FI0jP3N9T9fD,qr,EN,4,28,5,5,1,,4,,1,02066,1,5,1,2,5,3,2,4,1,2,6,1,7,3,4,5,More frequent and reliable updates on water testing,,
11/1/2023 15:19,11/1/2023 15:26,0,100,420,1,11/1/2023 15:26,R_3ekSaUzuNdHEQEQ,qr,EN,4,27,5,5,2,,6,"Socialist, communist",1,02125,2,1,1,2,1,1,1,2,3,1,3,7,6,4,2,5,Frequent water testing by the government and making these tests available to the public,1,3
11/1/2023 15:10,11/1/2023 16:03,0,100,3203,1,11/1/2023 16:03,R_31iOT4Nf76jxanU,qr,EN,4,29,5,5,1,,5,,1,02132,,1,1,2,2,2,2,2,3,,,,,,,,Knowing the composition of the city's water pipes,2,2
11/2/2023 13:31,11/2/2023 13:36,0,100,260,1,11/2/2023 13:36,R_2Cy53c92oU9yOCT,qr,EN,4,22,4,3,2,,6,None,1,02368,,2,1,2,1,3,1,3,1,3,4,1,5,6,7,2,The source in which the water is coming from because there is a lot of pollution around our source of water. ,,4
11/2/2023 13:39,11/2/2023 13:40,0,100,107,1,11/2/2023 13:41,R_3hrKuZQ0lCJWNuH,qr,EN,4,20,1,2,2,,4,,1,02125,1,3,1,2,5,2,2,5,2,,,,,,,,Information about its purity,,4
11/2/2023 13:39,11/2/2023 13:41,0,100,114,1,11/2/2023 13:41,R_27E8BcJvwQSnHcc,qr,EN,4,20,3,5,2,,5,,1,02360,2,2,2,1,1,3,1,3,2,6,1,4,2,5,3,7,,,2
11/2/2023 13:40,11/2/2023 13:41,0,100,88,1,11/2/2023 13:41,R_XqaQrTfmMqPlnod,qr,EN,4,21,4,"1,3,5,6",1,,4,,3,,2,3,1,2,5,5,3,5,2,6,4,1,7,3,5,2,Clean pipes ,,3
11/2/2023 13:39,11/2/2023 13:42,0,100,177,1,11/2/2023 13:42,R_O2NqquhnhCLPi7L,qr,EN,4,21,4,5,1,,5,,1,02125,,1,1,2,1,3,1,3,1,6,2,1,3,7,4,5,Probably if everyone didn’t bash boston water,1,3
11/2/2023 13:39,11/2/2023 13:42,0,100,147,1,11/2/2023 13:42,R_2uwfBIdntlwu1pv,qr,EN,4,24,4,"3,5",2,,4,,1,02128,,2,2,2,2,2,2,2,2,,,,,,,,,,2
11/2/2023 13:40,11/2/2023 13:42,0,100,115,1,11/2/2023 13:42,R_1IXc9FFHtqssZn7,qr,EN,4,22,8,7,1,,3,,1,02148,2,1,1,,2,3,2,3,3,,,,,,,,,2,2
11/2/2023 13:39,11/2/2023 13:42,0,100,191,1,11/2/2023 13:42,R_1CkaAVt8ENJuck4,qr,EN,4,25,4,5,1,,4,,1,02128,,1,1,2,2,2,4,5,3,2,1,3,4,6,5,7,Something easily provided by the government that the water is monitored and safe,1,1
11/2/2023 13:40,11/2/2023 13:43,0,100,182,1,11/2/2023 13:43,R_dgnqyTnUcKKNmaB,qr,EN,4,18,1,"2,5",4,,4,,1,02125,,1,1,2,1,2,2,3,3,3,2,6,5,1,7,4,If I understood the regulations and knew where it came from,2,2
11/2/2023 13:39,11/2/2023 13:43,0,100,202,1,11/2/2023 13:43,R_32LPEOEuh2VP2Ur,qr,EN,4,30,5,"2,5",2,,2,,1,01702,,2,1,2,2,4,2,3,1,2,1,3,5,6,4,7,,,3
11/2/2023 13:40,11/2/2023 13:43,0,100,162,1,11/2/2023 13:43,R_1dcPc0HGdCiF0d4,qr,EN,4,Old enough,4,"4,5",2,,2,,1,01970,1,1,2,,2,2,2,4,4,,,,,,,,,1,3
11/2/2023 13:41,11/2/2023 13:44,0,100,154,1,11/2/2023 13:44,R_2WuR0CRffuQQ0bP,qr,EN,4,21,3,5,2,,4,,3,,,2,1,2,2,3,2,4,4,5,3,1,2,6,4,7,If I knew where it was filtered and how consistent the filtration was,,2
11/2/2023 13:42,11/2/2023 13:44,0,100,126,1,11/2/2023 13:44,R_W8UUH0W7E6nxapz,qr,EN,4,18,2,5,1,,5,,1,02125,,1,1,2,2,2,2,3,2,,,,,,,,,1,3
11/2/2023 13:42,11/2/2023 13:46,0,100,242,1,11/2/2023 13:46,R_2f24Kii7jLVqsbu,qr,EN,4,28,2,1,2,,6,Non-political ,1,02121,,1,1,2,3,3,5,4,1,,,,,,,,"More available information, also if tap water didn’t taste like chlorine I wouldn’t question it that much",1,4
11/2/2023 13:43,11/2/2023 13:49,0,100,356,1,11/2/2023 13:49,R_1mksAgMFIYjslXE,qr,EN,4,21,4,2,1,,2,,1,02170,,2,2,2,2,4,2,3,1,,,,,,,,,,1
11/2/2023 13:42,11/2/2023 13:50,0,100,525,1,11/2/2023 13:50,R_U9FiQdme6svnE6R,qr,EN,4,24 ,7,5,1,,3,,1,02113,,1,1,2,2,2,2,5,2,5,4,1,3,7,2,6,,1,3
11/2/2023 13:43,11/2/2023 13:52,0,100,542,1,11/2/2023 13:52,R_31pFCBBFUp5678U,qr,EN,4,23,3,6,1,,3,,1,02150,,2,2,,5,5,1,3,3,,,,,,,,I don’t know ,,2
11/3/2023 14:57,11/3/2023 15:02,0,100,276,1,11/3/2023 15:02,R_1rNAlNUAXTiIRkB,qr,EN,4,27,6,5,2,,5,,1,02160,2,1,1,2,1,2,2,2,3,4,3,1,6,5,2,7,Distributed water quality tests ,2,3
11/5/2023 14:17,11/5/2023 14:34,0,100,1001,1,11/5/2023 14:34,R_1kYBuwJYDr7rOsz,qr,EN,4,23,4,2,1,,5,,1,02124,2,2,1,2,2,2,2,2,2,1,4,3,2,5,7,6,Maybe more (accurate) statistics about the tap water.,,2
11/6/2023 10:45,11/6/2023 10:45,0,100,8,1,11/6/2023 10:45,R_DAcB61F14pnO1pL,qr,EN,4,17,,,,,,,,,,,,,,,,,,,,,,,,,,,
11/6/2023 10:43,11/6/2023 10:45,0,100,119,1,11/6/2023 10:45,R_1DYk4pg3l7MylrT,qr,EN,4,21,3,6,1,,5,,1,02125,,2,1,2,3,2,2,5,2,2,5,1,6,7,3,4,,,3
11/6/2023 10:43,11/6/2023 10:46,0,100,199,1,11/6/2023 10:46,R_T62kHipfbQDMbvz,qr,EN,4,28,4,5,2,,4,,3,,1,1,1,2,2,1,1,1,2,7,5,1,3,4,2,6,Less carcinogens ,1,3
11/6/2023 10:45,11/6/2023 10:46,0,100,105,1,11/6/2023 10:46,R_2eP9U7oWHEnJz2t,qr,EN,4,18,1,2,2,,2,,1,02169,1,2,1,2,2,2,1,2,1,2,1,3,4,6,5,7,Better filtration process,,3
11/6/2023 10:45,11/6/2023 10:47,0,100,97,1,11/6/2023 10:47,R_7VcEPdpaCE8z1Dz,qr,EN,4,18,1,2,1,,3,,1,02170,1,2,2,2,5,4,2,3,3,5,6,1,7,3,4,2,Data,,3
11/6/2023 10:48,11/6/2023 10:50,0,100,111,1,11/6/2023 10:50,R_1l9uU5MJgldc4uM,qr,EN,4,18,1,7,1,,7,,1,02148,,2,2,,2,3,1,2,1,1,6,3,2,4,5,7,"proof it’s filtered, tastes good",,3
11/6/2023 10:48,11/6/2023 10:50,0,100,157,1,11/6/2023 10:50,R_2uWcAiOZ2sEM3gT,qr,EN,4,19,1,6,1,,5,,1,02302,,1,1,,3,3,2,3,2,5,2,1,3,4,7,6,,1,2
11/6/2023 10:51,11/6/2023 10:52,0,100,84,1,11/6/2023 10:52,R_2WCH40hJDzCE9RZ,qr,EN,4,19,2,2,1,,6,,3,,2,2,3,2,,,,,,,,,,,,,,,1
11/6/2023 10:53,11/6/2023 10:55,0,100,124,1,11/6/2023 10:55,R_2wgLgtqQflwFkkL,qr,EN,4,18,1,2,1,,5,,3,,2,2,1,,4,3,1,2,1,3,5,6,2,4,1,7,If there was more accessible information confirming the safer of tape water.,,2
11/6/2023 11:03,11/6/2023 11:06,0,100,129,1,11/6/2023 11:06,R_3JhreBaGMp9kg26,qr,EN,4,22,5,5,2,,3,,3,,2,1,1,2,1,2,2,2,2,,,,,,,,,,2
11/6/2023 11:03,11/6/2023 11:07,0,100,202,1,11/6/2023 11:07,R_3nBJ7sq4NsaHSTC,qr,EN,4,26,5,5,2,,4,,1,02128,,2,2,2,4,4,2,4,1,1,2,3,6,4,7,5,"Better Taste, transparency and information on the quality",,3
11/6/2023 11:12,11/6/2023 11:14,0,100,85,1,11/6/2023 11:14,R_1BQUljVoEt4Ogof,qr,EN,4,25,6,5,1,,4,,1,01906,2,2,2,,1,1,2,1,1,,,,,,,,,,2
11/6/2023 11:12,11/6/2023 11:14,0,100,109,1,11/6/2023 11:14,R_732MsiD1d7ypDjj,qr,EN,4,36,6,3,1,,4,,1,02864,,1,1,2,2,,2,4,4,1,4,2,5,6,7,3,Nothing ,1,2
11/6/2023 11:12,11/6/2023 11:15,0,100,178,1,11/6/2023 11:15,R_1dFCPfxFXKvAGtw,qr,EN,4,29,6,5,1,,6,,,,1,2,1,,1,1,1,1,1,,,,,,,,,,3
11/6/2023 11:11,11/6/2023 11:19,0,100,456,1,11/6/2023 11:19,R_1gBakho3dreZ4vj,qr,EN,4,44,6,5,2,,6,Value-based views ,1,06239,2,2,2,2,2,4,1,4,1,3,4,2,5,6,7,1,More information about the oh balance and chemical makeup. How does it compare empirically to bottled water especially natural spring water not purified water!   ,,2
11/6/2023 11:37,11/6/2023 11:40,0,100,212,1,11/6/2023 11:40,R_r8TlhBdVpMbaWLn,qr,EN,4,34,6,2,2,,4,,1,02125,2,1,2,2,2,2,2,3,3,,,,,,,,Health ,1,2
11/6/2023 20:27,11/6/2023 20:29,0,100,131,1,11/6/2023 20:29,R_xl2wpuKLcTdvcMV,qr,EN,4,25,5,2,1,,3,,1,02125,1,1,2,2,2,1,1,2,2,,,,,,,,,1,3
11/6/2023 20:29,11/6/2023 20:34,0,100,264,1,11/6/2023 20:34,R_1H7xz0eZfBHqQon,qr,EN,4,24,5,2,1,,7,,1,02125,,1,1,2,2,2,1,2,1,,,,,,,,An announcement from an official body that it's safe to drink. ,2,3
11/6/2023 20:34,11/6/2023 20:38,0,100,265,1,11/6/2023 20:38,R_3NRluivqZmXAGrv,qr,EN,4,25,5,2,1,,4,,1,02125,2,1,1,2,2,2,2,2,2,,,,,,,,"Taste, color",1,2
11/6/2023 20:38,11/6/2023 20:39,0,100,99,1,11/6/2023 20:39,R_3GwSZRmRb3LOFW5,qr,EN,4,24,7,3,3,,2,,,,2,2,2,2,5,5,1,3,3,,,,,,,,,,4
11/6/2023 20:39,11/6/2023 20:42,0,100,170,1,11/6/2023 20:42,R_21sMCChokZUjX2A,qr,EN,4,25,5,2,2,,7,,1,10031,2,1,2,2,2,2,1,2,2,1,2,3,4,5,6,7,,1,4
11/6/2023 21:10,11/6/2023 21:23,0,100,735,1,11/6/2023 21:23,R_28YcTacWweKg5Al,qr,EN,4,28,5,2,2,,3,,1,02125,1,1,1,2,1,1,2,1,1,2,3,1,4,5,7,6,,1,4
11/6/2023 21:26,11/6/2023 21:31,0,100,288,1,11/6/2023 21:31,R_1DZ2kPfUwtMOA4G,qr,EN,4,21,4,2,2,,3,,1,02125,2,1,2,2,2,3,3,2,2,5,3,1,4,2,7,6,Water filters ,1,4
11/6/2023 21:47,11/6/2023 21:49,0,100,104,1,11/6/2023 21:49,R_1lzXXogazkFcO08,qr,EN,4,27,5,7,2,,7,,,,1,1,1,,3,3,3,3,3,4,7,5,2,1,3,6,,1,3
11/6/2023 22:03,11/6/2023 22:05,0,100,109,1,11/6/2023 22:05,R_bqrWFDIpFQcknQJ,qr,EN,4,24,5,2,2,,3,,1,02125,2,1,2,2,2,2,2,3,2,1,2,3,5,6,4,7,,1,3
11/7/2023 11:19,11/7/2023 11:21,0,100,150,1,11/7/2023 11:21,R_25NLdgh1NCxbmJo,qr,EN,4,22,3,3,2,,3,,3,,,2,2,2,4,5,2,2,2,1,7,3,4,6,5,2,Nothing,,3
11/7/2023 11:26,11/7/2023 11:29,0,100,141,1,11/7/2023 11:29,R_wNVe860HXkNwG09,qr,EN,4,20,2,5,1,,4,,3,,,1,1,2,2,2,1,4,1,,,,,,,,knowing if it’s safe to drink ,1,3
11/7/2023 11:26,11/7/2023 11:30,0,100,233,1,11/7/2023 11:30,R_3iVUZ3M3PbvVp59,qr,EN,4,20,2,2,1,,7,,3,,1,2,1,2,4,5,1,3,2,1,7,4,2,5,3,6,,,3
11/7/2023 11:29,11/7/2023 11:32,0,100,158,1,11/7/2023 11:32,R_3M4CZ8NxPuIqxMv,qr,EN,4,20,2,5,5,,4,,1,02169,2,1,2,2,1,3,2,3,1,6,4,3,2,5,1,7,,2,5
11/7/2023 11:29,11/7/2023 11:34,0,100,306,1,11/7/2023 11:34,R_SIQBjRL7sKjPGmJ,qr,EN,4,19,1,3,2,,3,,3,,2,2,1,,2,3,1,1,1,2,6,3,4,7,1,5,Taste better ,,2
11/7/2023 11:32,11/7/2023 11:34,0,100,129,1,11/7/2023 11:34,R_O99frnkmAXB8C9b,qr,EN,4,21,3,6,1,,4,,1,01801,1,2,1,2,2,2,2,4,3,,,,,,,,Knowing it’s regularly getting tested ,,2
11/7/2023 11:30,11/7/2023 11:35,0,100,321,1,11/7/2023 11:35,R_3rYbzgu4gPkyLfG,qr,EN,4,20,3,3,1,,7,,1,02360,2,1,2,2,2,,2,,3,,,,,,,,Filteration,1,2
11/7/2023 11:42,11/7/2023 11:45,0,100,147,1,11/7/2023 11:45,R_3ETsIGcZlaz2GBq,qr,EN,4,18,1,2,1,,7,,3,,2,2,1,1,1,3,1,3,3,,,,,,,,Color is clear,,2
11/7/2023 11:46,11/7/2023 11:48,0,100,137,1,11/7/2023 11:48,R_33DwpqcKVi6o1L0,qr,EN,4,19,1,2,2,,3,,1,02119,,2,1,,2,2,1,3,3,2,1,3,5,6,7,4,,,2
11/7/2023 11:47,11/7/2023 11:50,0,100,155,1,11/7/2023 11:50,R_3iJ35SsJQ02nZyM,qr,EN,4,19,2,3,1,,4,,3,,2,3,1,,2,2,1,3,3,2,1,3,5,7,6,4,Seeing facts ,,2
11/7/2023 11:46,11/7/2023 11:50,0,100,193,1,11/7/2023 11:50,R_2XaFQrp5XYwIHtB,qr,EN,4,22,4,"5,6",1,,7,,1,02150,,1,1,2,3,3,3,5,4,,,,,,,,if i actually knew how ( or if ) it was treated. ,2,2
11/7/2023 11:49,11/7/2023 11:50,0,100,93,1,11/7/2023 11:50,R_3irObzuZfvsEz4d,qr,EN,4,19,2,2,2,,3,,1,01585,2,1,1,2,3,4,2,2,2,,,,,,,,,1,3
11/7/2023 11:49,11/7/2023 11:51,0,100,120,1,11/7/2023 11:51,R_x9snehAxKFVHxkd,qr,EN,4,27,2,5,1,,4,,1,02302,1,1,1,2,4,2,1,5,1,,,,,,,,,1,3
11/7/2023 11:49,11/7/2023 11:51,0,100,145,1,11/7/2023 11:51,R_UYJBqFHFrgd6PEB,qr,EN,4,19,2,2,1,,3,,3,,2,2,1,2,4,5,1,2,3,,,,,,,,,,2
11/7/2023 11:52,11/7/2023 11:53,0,100,19,1,11/7/2023 11:53,R_3QGztosaRKfZP3p,qr,EN,7,,,,,,,,,,,,,,,,,,,,,,,,,,,,
11/7/2023 11:50,11/7/2023 11:53,0,100,185,1,11/7/2023 11:53,R_OIk3rSUABR5KCL7,qr,EN,4,22,3,5,1,,5,,1,02150,,2,1,2,2,4,2,5,2,1,6,2,3,4,5,7,Officials being transparent about water safety ,,2
11/7/2023 11:50,11/7/2023 11:54,0,100,235,1,11/7/2023 11:54,R_324sjBtqhBB572h,qr,EN,4,24,3,3,2,,4,,1,01923,,1,2,2,2,3,2,2,3,2,3,1,4,6,5,7,A guarantee that it’s safe,1,3
11/7/2023 11:51,11/7/2023 11:54,0,100,174,1,11/7/2023 11:54,R_2YijC4naGd4xyga,qr,EN,4,21,4,5,1,,4,,3,,2,1,1,2,2,3,1,1,2,1,2,3,6,4,5,7,,1,3
11/7/2023 11:51,11/7/2023 11:54,0,100,180,1,11/7/2023 11:54,R_yJ8Wi18KViT7pAJ,qr,EN,4,21,4,5,1,,4,,3,,2,1,1,2,3,2,1,2,2,5,7,3,4,1,6,2,,1,4
11/7/2023 11:48,11/7/2023 12:08,0,100,1196,1,11/7/2023 12:08,R_1laDVi99NnewxeI,qr,EN,4,19,1,5,2,,5,,1,02125,,1,1,2,3,3,1,3,2,3,4,5,1,6,2,7,More communication ,1,2
11/7/2023 11:48,11/7/2023 12:31,0,100,2570,1,11/7/2023 12:31,R_scI2CjVOQ70srAt,qr,EN,4,20,1,5,5,,5,,1,02066,1,2,1,2,2,3,1,2,2,1,3,2,5,6,4,7,,,1
11/7/2023 12:54,11/7/2023 12:56,0,100,116,1,11/7/2023 12:56,R_Asuc1E6ojBsL1S1,qr,EN,4,18,1,6,1,,7,,3,,,2,2,2,4,3,1,3,2,,,,,,,,i don’t really trust it,,2
11/7/2023 12:56,11/7/2023 12:58,0,100,145,1,11/7/2023 12:58,R_1EZput62Ao0LfoU,qr,EN,4,19,3,2,2,,3,,,,2,1,2,,1,1,2,1,2,,,,,,,,,2,3
11/7/2023 12:55,11/7/2023 12:58,0,100,205,1,11/7/2023 12:58,R_3DhieuEk4q4AKTs,qr,EN,4,25,3,7,5,,6,,1,02125,1,1,1,2,4,4,5,3,3,,,,,,,,,1,2
11/7/2023 12:56,11/7/2023 12:58,0,100,127,1,11/7/2023 12:58,R_2Clc8UkKw4Y5T3d,qr,EN,4,18,2,3,1,,7,,3,,2,1,1,,2,2,1,3,1,,,,,,,,Heavy filtering ,1,2
11/7/2023 12:54,11/7/2023 12:59,0,100,265,1,11/7/2023 12:59,R_0TEJGYmb0fCzRbr,qr,EN,4,20,3,5,1,,5,,1,02747,2,3,2,1,2,4,3,4,1,3,4,1,6,2,5,7,knowing that it’s impact was environmentally sound and that it is healthy for me,,1
11/7/2023 13:00,11/7/2023 13:03,0,100,151,1,11/7/2023 13:03,R_WkeIU7xrRabwD2V,qr,EN,4,25,6,3,1,,6,,1,02121,,2,1,,1,5,1,3,1,3,6,1,4,7,5,2,Transparency from government organizations ,,3
11/7/2023 13:00,11/7/2023 13:03,0,100,185,1,11/7/2023 13:03,R_8IAG80M2gFtHeVz,qr,EN,4,26,6,5,1,,4,,1,02021,,1,1,2,2,4,2,3,1,2,4,1,5,6,7,3,If it was filtered and certified,1,4
11/7/2023 13:01,11/7/2023 13:05,0,100,195,1,11/7/2023 13:05,R_21Fo9DnimLYY0X2,qr,EN,4,18,1,6,1,,5,,3,,,1,1,2,2,3,2,4,2,,,,,,,,Not sure ,1,2
11/7/2023 13:02,11/7/2023 13:05,0,100,187,1,11/7/2023 13:05,R_3oMyS2lL9yjg6Q5,qr,EN,4,22,3,5,2,,3,,,,,1,1,2,2,1,3,4,1,1,6,5,2,4,3,7,Understanding the plumbing in an apartment/city,1,3
11/7/2023 13:03,11/7/2023 13:06,0,100,174,1,11/7/2023 13:06,R_3KwOPlUu5lRsQY1,qr,EN,4,29,4,5,1,,5,,1,02155,2,2,2,2,1,5,3,2,1,3,2,1,5,4,6,7,More filters more information on the water supply ,,2
11/7/2023 13:05,11/7/2023 13:07,0,100,135,1,11/7/2023 13:07,R_UydnwPxXDoCJ1y9,qr,EN,4,19,2,3,1,,6,leftist,3,,,2,2,2,4,3,2,5,1,1,6,2,3,5,4,7,if it tasted better,,3
11/7/2023 13:02,11/7/2023 13:07,0,100,264,1,11/7/2023 13:07,R_2xDA1e0mD8z1acm,qr,EN,4,35,6,7,1,,3,,3,,2,1,2,2,2,2,5,3,3,,,,,,,,Constant analytical analysis,2,2
11/7/2023 13:04,11/7/2023 13:07,0,100,202,1,11/7/2023 13:07,R_10OvfKitxsSwpGw,qr,EN,4,31,5,6,2,,5,,1,02125,2,1,2,2,2,2,4,3,3,5,7,1,4,2,3,6,Testing ph and minerals content by myself,1,3
11/7/2023 13:05,11/7/2023 13:07,0,100,112,1,11/7/2023 13:07,R_2czJcvMHGrV2NGU,qr,EN,4,19,2,3,1,,4,,3,,1,2,2,2,2,3,4,3,1,,,,,,,,,,3
11/7/2023 13:03,11/7/2023 13:08,0,100,294,1,11/7/2023 13:08,R_1P5CD7B6FOMeyUI,qr,EN,4,18,1,"5,6",1,,4,,1,02125,,2,1,2,1,1,1,2,2,3,7,2,5,4,1,6,Research papers from outside/nonbiased sources reporting on the quality ,,2
11/7/2023 13:05,11/7/2023 13:08,0,100,226,1,11/7/2023 13:08,R_3F4EwjquQSY7VW3,qr,EN,4,19,2,3,1,,5,,3,,,2,2,1,3,3,2,2,2,1,6,2,3,7,5,4,If I read information on it,,2
11/7/2023 13:07,11/7/2023 13:09,0,100,150,1,11/7/2023 13:09,R_3fqIgt26e0V4LAu,qr,EN,4,23,4,2,1,,3,,1,02125,1,1,1,2,2,2,2,3,1,5,4,3,1,6,2,7,Cause of society norm,1,2
11/7/2023 13:07,11/7/2023 13:10,0,100,185,1,11/7/2023 13:10,R_2CwSOaFi7mkMDEi,qr,EN,4,20,3,5,1,,4,,1,02186,2,1,1,,1,2,2,3,2,7,4,3,5,2,6,1,If I knew exactly where the water was coming from and how it was purified. ,1,2
11/7/2023 13:06,11/7/2023 13:10,0,100,218,1,11/7/2023 13:10,R_2VOpjJTVqXgZnaX,qr,EN,4,27,6,2,2,,4,,1,02171,,1,1,,1,1,3,1,3,5,1,4,2,7,3,6,More conclusive data on harms of contaminants,2,3
11/7/2023 13:00,11/7/2023 13:12,0,100,691,1,11/7/2023 13:12,R_2tsTV1OLWBkf9CP,qr,EN,4,36,6,,1,,4,,1,02116,2,1,1,2,2,2,3,4,2,,,,,,,,,1,2
11/7/2023 13:07,11/7/2023 13:14,0,100,408,1,11/7/2023 13:14,R_2fkTnNHJxPGhdOJ,qr,EN,4,30,6,2,2,,6,Democratic ,1,02125,2,2,2,1,5,2,2,3,4,5,6,1,7,3,4,2,,,3
11/7/2023 13:05,11/7/2023 13:15,0,100,642,1,11/7/2023 13:15,R_12eQAJWjCl2beZy,qr,EN,4,19,2,3,1,,4,,1,02125,,2,2,1,2,2,1,2,2,1,5,7,4,6,2,3,Make sure there’s healthy Montreal’s ,,3
11/7/2023 12:54,11/7/2023 13:19,0,100,1453,1,11/7/2023 13:19,R_ZJhWe5mCaqwmqDn,qr,EN,4,20,3,5,7,Genderfluid,5,,1,02125,,1,1,2,2,2,1,3,2,6,1,2,3,5,4,7,,1,1
11/7/2023 12:57,11/7/2023 13:21,0,100,1471,1,11/7/2023 13:21,R_2BhQ22oplGYJnsX,qr,EN,4,36,7,"2,5",5,,4,,1,02171,,1,1,2,2,4,2,3,2,1,7,3,4,2,5,6,I have always filtered my tap water. It’s a habit now.,1,1
11/7/2023 13:20,11/7/2023 13:22,0,100,88,1,11/7/2023 13:22,R_AMQd7L6ftaZMldT,qr,EN,4,26,4,6,2,,3,,1,02128,1,5,1,2,5,3,4,3,1,,,,,,,,Yearly results of water treatment,,
11/7/2023 13:21,11/7/2023 13:24,0,100,216,1,11/7/2023 13:24,R_1OGCkLYfYZ7gIPI,qr,EN,4,25,4,3,2,,3,,3,,2,2,2,2,2,1,2,1,1,,,,,,,,,,2
11/7/2023 13:02,11/7/2023 13:29,0,100,1628,1,11/7/2023 13:29,R_2c6HQK4glmsmwt0,qr,EN,4,20,3,2,2,,3,,1,02148,2,2,2,2,3,3,3,3,3,,,,,,,,,,4
11/7/2023 13:28,11/7/2023 13:30,0,100,173,1,11/7/2023 13:30,R_33vj7IXuPx3Wy1D,qr,EN,4,22,4,"5,6",1,,5,,1,02125,1,1,2,,4,2,2,4,3,7,3,4,1,6,2,5,,1,1
11/7/2023 13:28,11/7/2023 13:31,0,100,135,1,11/7/2023 13:31,R_DICARda1j1wj1oB,qr,EN,4,22,3,5,2,,4,,3,,2,1,1,2,2,1,2,2,1,3,2,1,7,4,5,6,Knowing the origin / statistics,1,2
11/7/2023 13:28,11/7/2023 13:31,0,100,165,1,11/7/2023 13:31,R_32OWoxL0uK2wtyH,qr,EN,4,19,2,5,1,,4,,3,,,3,1,2,2,2,3,4,3,,,,,,,,N/A already trust ,,3
11/7/2023 13:30,11/7/2023 13:31,0,100,100,1,11/7/2023 13:32,R_C8NjoHgj8CKeIQ9,qr,EN,4,21,4,5,1,,4,,1,02125,,1,1,2,4,2,1,3,2,7,5,1,4,6,3,2,,1,2
11/7/2023 13:28,11/7/2023 13:32,0,100,196,1,11/7/2023 13:32,R_3Ra4ENgbJDXWK1C,qr,EN,4,22,3,5,7,gender fluid (woman —&gt; nonbinary),5,,1,02125,1,1,1,2,2,2,5,5,4,,,,,,,,reliable filters installed and advertised on fountains/taps ,1,2
11/7/2023 13:29,11/7/2023 13:32,0,100,168,1,11/7/2023 13:32,R_3nODRoVPoUeJYj0,qr,EN,4,28,4,5,1,,5,,1,02420,2,1,1,2,2,3,2,2,2,2,1,3,4,7,6,5,Evidence that it is non contaminated ,2,2
11/7/2023 13:30,11/7/2023 13:32,0,100,108,1,11/7/2023 13:32,R_3pnByxyVDFqfyYh,qr,EN,4,21,4,5,2,,4,,1,01835,1,2,1,2,4,2,2,4,1,4,3,1,7,6,5,2,Better filtering systems ,,3
11/7/2023 13:30,11/7/2023 13:32,0,100,118,1,11/7/2023 13:32,R_1OACCssjlIUpgGu,qr,EN,4,20,2,3,2,,6,,3,,,3,1,,3,3,2,4,2,1,2,3,4,5,6,7,,,2
11/7/2023 13:30,11/7/2023 13:32,0,100,105,1,11/7/2023 13:32,R_3lPsavFBOxLOkeq,qr,EN,4,20,2,3,2,,7,,3,,2,2,1,2,4,4,1,4,1,1,2,3,4,5,6,7,,,1
11/7/2023 13:29,11/7/2023 13:32,0,100,189,1,11/7/2023 13:32,R_PTo6zUmKqOLWCqZ,qr,EN,4,23,3,5,2,,4,,1,02145,2,1,2,2,2,1,1,2,1,6,1,3,2,5,4,7,Public metrics vs bottled water or other sources of water ,2,3
11/7/2023 13:30,11/7/2023 13:33,0,100,151,1,11/7/2023 13:33,R_zVFCsPWX0AFaHLP,qr,EN,4,22,4,3,1,,7,,1,02125,,2,1,2,5,5,3,5,1,,,,,,,,Knowing where the water is coming from,,2
11/7/2023 13:32,11/7/2023 13:33,0,100,73,1,11/7/2023 13:33,R_1NwhvdaDTkCb6Nm,qr,EN,4,,2,,8,,3,,3,,,2,2,,1,1,3,3,5,,,,,,,,,,3
11/7/2023 13:30,11/7/2023 13:33,0,100,192,1,11/7/2023 13:33,R_1dLjtW8AOLYJXSu,qr,EN,4,18,1,6,2,,7,,1,02169,2,1,1,1,1,2,1,1,1,3,4,6,5,7,1,2,More actual recordings on it,2,2
11/7/2023 13:31,11/7/2023 13:33,0,100,146,1,11/7/2023 13:33,R_1KkxZuQfF6wOUYS,qr,EN,4,26,8,2,2,,7,,3,,,1,1,,3,3,3,3,3,,,,,,,,Maybe ,1,2
11/7/2023 13:31,11/7/2023 13:33,0,100,131,1,11/7/2023 13:33,R_2P7fLq8uankIdUR,qr,EN,4,20,3,5,5,,4,,1,02125,2,2,1,2,1,2,1,3,1,3,1,2,7,5,6,4,more filters in public supply,,3
11/7/2023 13:31,11/7/2023 13:33,0,100,145,1,11/7/2023 13:33,R_DSHBOX6BgxOTfah,qr,EN,4,21,4,2,1,,4,,1,02421,2,1,1,2,2,2,4,2,1,,,,,,,,,2,2
11/7/2023 13:29,11/7/2023 13:34,0,100,254,1,11/7/2023 13:34,R_2Et33QhjyOiW80o,qr,EN,4,21,4,"5,6",2,,4,,1,02368,2,2,1,2,2,2,1,1,2,1,7,4,6,3,2,5,,,2
11/7/2023 13:32,11/7/2023 13:34,0,100,141,1,11/7/2023 13:34,R_302wTQVYC64V764,qr,EN,4,21,4,6,1,,5,,1,02135,2,2,1,2,1,2,2,3,2,1,2,3,4,5,6,7,if we know where it’s coming from exactly and be able to rely on whose telling us as well,,2
11/7/2023 13:32,11/7/2023 13:35,0,100,177,1,11/7/2023 13:35,R_1jjkv6l4PyfiPnq,qr,EN,4,19,1,5,1,,3,,1,02125,,1,1,2,4,1,1,5,2,2,1,3,4,7,5,6,If it tasted like purified water ,1,3
11/7/2023 13:31,11/7/2023 13:35,0,100,206,1,11/7/2023 13:35,R_2E3JWQJlFhISBCH,qr,EN,4,23,3,2,2,,4,,1,02169,,1,1,2,2,2,2,2,2,,,,,,,,Awareness of where the water is coming from and how it’s filtered ,1,2
11/7/2023 13:32,11/7/2023 13:35,0,100,197,1,11/7/2023 13:35,R_3fW7FqlpzqfrTsN,qr,EN,4,22,4,"5,6",2,,4,,3,,2,2,1,2,1,3,1,3,1,,,,,,,,If it were ph tested on a weekly basis ,,2
11/7/2023 13:28,11/7/2023 13:35,0,100,390,1,11/7/2023 13:35,R_rkjqoh6I1suLnFf,qr,EN,4,20,3,"3,5",2,,6,Leftist ,1,02125,1,1,1,2,2,2,5,5,1,3,2,1,5,7,4,6,Campaigns to swap out entire drinking water piping systems. The prevalence of lead in our drinking pipes historically has forever altered my trust ,1,3
11/7/2023 13:34,11/7/2023 13:35,0,100,86,1,11/7/2023 13:35,R_1ls1USswdk7mqyj,qr,EN,4,19,1,2,1,,7,,3,,2,1,1,,1,2,1,2,2,,,,,,,,,1,3
11/7/2023 13:33,11/7/2023 13:35,0,100,128,1,11/7/2023 13:35,R_1jQaEPWXALo4UAY,qr,EN,4,19,2,2,1,,4,,3,,2,2,2,2,2,3,1,2,3,4,6,2,5,3,7,1,a filter ,,1
11/7/2023 13:32,11/7/2023 13:35,0,100,203,1,11/7/2023 13:35,R_dgras5GNVeSTQNH,qr,EN,4,18,1,3,2,,4,,1,01845,,1,1,2,1,3,2,4,2,3,1,2,7,5,6,4,if more information was given on the safety of tap water in my area,2,2
11/7/2023 13:33,11/7/2023 13:35,0,100,131,1,11/7/2023 13:35,R_2BnzN7u1jps05D3,qr,EN,4,33,4,5,1,,5,,1,01833,1,2,1,1,4,1,2,4,1,,,,,,,,Stricter water laws,,3
11/7/2023 13:32,11/7/2023 13:35,0,100,221,1,11/7/2023 13:35,R_3EFsy1XfrxDJS2e,qr,EN,4,21,1,5,2,,2,,,,,1,1,2,1,1,1,1,1,5,6,3,1,7,2,4,,1,3
11/7/2023 13:34,11/7/2023 13:36,0,100,85,1,11/7/2023 13:36,R_1QaLfT2PubYeKf6,qr,EN,4,20,3,5,1,,5,,1,02062,2,1,1,2,1,2,3,1,4,1,6,3,4,2,5,7,,1,3
11/7/2023 13:34,11/7/2023 13:36,0,100,126,1,11/7/2023 13:36,R_2QnfJxTZkXm7HeO,qr,EN,4,19,1,5,1,,4,,1,19073,2,1,1,,1,1,1,2,2,3,5,1,2,6,7,4,,1,3
11/7/2023 13:33,11/7/2023 13:36,0,100,195,1,11/7/2023 13:36,R_3fjJsSS4YYsD4gu,qr,EN,4,19,2,2,1,,7,,3,,,2,1,,5,5,2,3,1,2,3,4,6,7,5,1,accurate testing of water ,,2
11/7/2023 13:33,11/7/2023 13:36,0,100,177,1,11/7/2023 13:36,R_2uBQKaJsqjMzPon,qr,EN,4,26,3,5,1,,5,,1,02145 ,1,1,1,2,2,2,2,4,2,5,1,2,6,4,7,3,Knowing the quality of the pipes and what’s added to the water ,1,4
11/7/2023 13:34,11/7/2023 13:37,0,100,179,1,11/7/2023 13:37,R_3nIveLSdBaJPOzc,qr,EN,4,18,1,2,1,,7,,1,02184,2,2,1,,3,3,1,3,3,,,,,,,,,,2
11/7/2023 13:34,11/7/2023 13:37,0,100,174,1,11/7/2023 13:37,R_3CHQ5iLQk1PIi8C,qr,EN,4,18,1,"5,6",1,,7,,3,,,2,2,,5,5,1,3,1,2,4,1,3,5,6,7,n/A,,2
11/7/2023 13:33,11/7/2023 13:37,0,100,204,1,11/7/2023 13:37,R_1Ffx2Jo1Usijbdz,qr,EN,4,19,1,5,1,,3,,1,02125,1,2,1,1,4,3,2,2,3,4,5,3,2,6,7,1,Information ,,3
11/7/2023 13:33,11/7/2023 13:37,0,100,202,1,11/7/2023 13:37,R_3EsYvblshOjcybR,qr,EN,4,18,1,5,1,,4,,1,02125,1,3,1,2,4,5,2,3,1,1,2,4,6,5,3,7,Filters. ,,3
11/7/2023 13:33,11/7/2023 13:37,0,100,215,1,11/7/2023 13:37,R_3PBCmBR5eIpyDkd,qr,EN,4,18,1,5,1,,4,,,,1,2,2,,2,5,2,2,1,3,7,5,1,2,4,6,idk,,2
11/7/2023 13:33,11/7/2023 13:37,0,100,266,1,11/7/2023 13:37,R_1P2iqsAaCJ17brZ,qr,EN,4,21,3,5,1,,5,,1,02143,2,2,1,2,2,3,1,3,1,3,4,1,5,6,7,2,If there were zero risk of lead poisoning from the pipes,,2
11/7/2023 13:36,11/7/2023 13:38,0,100,128,1,11/7/2023 13:38,R_28B9xirUAIQ9YLH,qr,EN,4,30,4,5,2,,5,,1,01519,1,1,1,2,2,1,1,2,3,,,,,,,,Monthly reports,1,2
11/7/2023 13:36,11/7/2023 13:38,0,100,141,1,11/7/2023 13:38,R_W87ZY4iJwEWDNo5,qr,EN,4,40,5,2,2,,2,,1,02145,2,1,1,2,2,3,2,2,3,1,7,4,2,5,6,3,,1,2
11/7/2023 13:35,11/7/2023 13:38,0,100,216,1,11/7/2023 13:39,R_2wb46ByOXqcrtQm,qr,EN,4,18,2,5,2,,3,,,,2,1,1,1,2,2,2,3,4,2,3,1,7,5,4,6,Knowing more about the quality and process the water takes before it reaches my house,,3
11/7/2023 13:36,11/7/2023 13:39,0,100,139,1,11/7/2023 13:39,R_2WMc4suqGbYnlsJ,qr,EN,4,21,4,5,1,,4,,1,02125,2,1,1,,2,5,1,2,2,3,1,4,2,6,7,5,,1,2
11/7/2023 13:35,11/7/2023 13:39,0,100,263,1,11/7/2023 13:39,R_1pQgwkGbdi4Qs16,qr,EN,4,20,2,2,1,,4,,1,02171,2,1,1,2,3,4,4,3,3,,,,,,,,,1,2
11/7/2023 13:36,11/7/2023 13:40,0,100,235,1,11/7/2023 13:40,R_usrNKJY0E3Wkgj7,qr,EN,4,34,5,"5,6",2,,3,,1,02141,,1,2,2,1,1,1,2,4,2,5,3,1,7,4,6,Brita,2,3
11/7/2023 13:35,11/7/2023 13:40,0,100,291,1,11/7/2023 13:40,R_9BvPlwI3Cz1MXux,qr,EN,4,20,3,3,1,,3,,1,02184,,2,2,1,4,5,4,5,2,4,2,3,6,5,7,1,if we were provided with proper water filters for all sinks in the home including the filter for the showers ,,1
11/7/2023 13:38,11/7/2023 13:40,0,100,130,1,11/7/2023 13:40,R_1EWLlglq5tPsySv,qr,EN,4,18,1,2,4,,7,,3,,2,3,1,2,2,2,1,4,1,,,,,,,,,,3
11/7/2023 13:38,11/7/2023 13:40,0,100,135,1,11/7/2023 13:40,R_3Magh6hMIQNlL8M,qr,EN,4,19,2,2,1,,4,,3,,2,2,2,,1,3,2,3,3,2,1,5,3,6,4,7,Filtering it,,2
11/7/2023 13:37,11/7/2023 13:40,0,100,188,1,11/7/2023 13:40,R_Xw6NZQuQVYW24tr,qr,EN,4,20,3,5,7,Female,7,,3,,,2,2,1,4,4,1,3,4,,,,,,,,More information on it ,,2
11/7/2023 13:38,11/7/2023 13:40,0,100,105,1,11/7/2023 13:40,R_2PAnRwv8LfNZRuf,qr,EN,4,20,3,5,2,,4,,1,02021,2,1,1,,2,2,1,2,4,2,5,3,4,6,7,1,,2,3
11/7/2023 13:39,11/7/2023 13:40,0,100,98,1,11/7/2023 13:40,R_3nuwGCCOTVrA4rY,qr,EN,4,18,1,"5,6",1,,7,,3,,2,1,1,2,2,4,1,2,2,3,2,1,4,6,5,7,,1,2
11/7/2023 13:38,11/7/2023 13:40,0,100,128,1,11/7/2023 13:41,R_3nBhFSn6wGZiN5Z,qr,EN,4,19,2,5,2,,3,,3,,2,2,1,2,2,4,2,2,1,,,,,,,,Knowing where it came from and how it got to my tap,,2
11/7/2023 13:36,11/7/2023 13:41,0,100,276,1,11/7/2023 13:41,R_3p4ipaYHl7H3TIH,qr,EN,4,39,7,5,2,,4,,3,,1,1,2,2,4,5,4,5,2,3,2,4,6,7,1,5,More community engagement.,1,2
11/7/2023 13:38,11/7/2023 13:41,0,100,143,1,11/7/2023 13:41,R_3jUR9eHM1EWqSGY,qr,EN,4,21,3,6,5,,5,,3,,1,2,1,2,3,2,3,5,1,,,,,,,,Knowing what’s in the water ,,2
11/7/2023 13:38,11/7/2023 13:41,0,100,205,1,11/7/2023 13:41,R_yD3QXN6F4ElTIbf,qr,EN,4,21,4,"5,6",1,,4,,1,02148,2,2,1,2,2,4,2,4,2,6,7,4,5,2,3,1,Knowing exactly where it came from and how it got to my tal,,2
11/7/2023 13:30,11/7/2023 13:42,0,100,673,1,11/7/2023 13:42,R_27fniIiUzT1E6hf,qr,EN,4,22,2,3,1,,7,,3,,,2,2,,2,3,1,4,3,3,1,2,6,5,4,7,,,2
11/7/2023 13:38,11/7/2023 13:42,0,100,286,1,11/7/2023 13:42,R_1QuXuok3aM87BQu,qr,EN,4,18,2,5,1,,4,,1,02382,2,1,1,2,1,2,1,2,3,1,6,3,5,4,2,7,My brita filter ,1,1
11/7/2023 13:45,11/7/2023 13:46,0,100,28,1,11/7/2023 13:46,R_2QEb7H4JTIhXonj,qr,EN,7,,,,,,,,,,,,,,,,,,,,,,,,,,,,
11/7/2023 13:35,11/7/2023 13:47,0,100,734,1,11/7/2023 13:47,R_TkgjtCw8FOgnEn7,qr,EN,4,23,4,3,5,,5,,1,02134,,2,1,,1,3,4,1,4,4,7,1,6,3,5,2,Learning about my current home's pipe system and filtering equipment. The place is very old.,,1
11/7/2023 13:46,11/7/2023 13:48,0,100,72,1,11/7/2023 13:48,R_1eXA08cpCzX7EUx,qr,EN,4,18,1,3,1,,2,,3,,2,2,2,2,1,1,4,3,,,,,,,,,,,2
11/7/2023 13:45,11/7/2023 13:48,0,100,155,1,11/7/2023 13:48,R_42bK9uRJM7vkZj3,qr,EN,,29,5,2,1,,7,,3,,2,1,1,2,2,2,2,5,2,,,,,,,,,1,2
11/7/2023 13:46,11/7/2023 13:48,0,100,100,1,11/7/2023 13:48,R_1la7qFw3qmXmSJ8,qr,EN,4,19,2,5,2,,4,,1,02062,2,2,2,2,2,2,1,4,2,2,6,1,3,5,7,4,More transparency with government ,,3
11/7/2023 13:45,11/7/2023 13:48,0,100,151,1,11/7/2023 13:48,R_XNXnCuxcC2PdrgJ,qr,EN,4,22,4,"5,6",1,,4,,1,02333,,2,1,2,3,3,2,3,3,,,,,,,,,,3
11/7/2023 13:47,11/7/2023 13:49,0,100,100,1,11/7/2023 13:49,R_2P59EfQ8Iq7POd4,qr,EN,4,23,3,2,2,,7,,3,,2,1,2,,2,3,2,3,2,1,2,3,4,5,6,7,Public data,1,2
11/7/2023 13:46,11/7/2023 13:49,0,100,149,1,11/7/2023 13:49,R_YbNNBPfoBKFPc3v,qr,EN,4,19,1,3,1,,4,,3,,2,2,1,1,1,1,1,1,1,,,,,,,,,,2
11/7/2023 13:45,11/7/2023 13:49,0,100,208,1,11/7/2023 13:49,R_2dy9RuW7m5fjjVY,qr,EN,4,21,1,2,1,,2,,1,02125,1,1,1,2,3,2,2,5,1,,,,,,,,color,2,2
11/7/2023 13:46,11/7/2023 13:49,0,100,180,1,11/7/2023 13:49,R_3I9kYsaxAX9ah0M,qr,EN,4,21,3,5,1,,4,,3,,2,2,2,2,2,3,1,3,4,7,2,3,5,6,4,1,Constant reminders to build my trust.,,1
11/7/2023 13:46,11/7/2023 13:49,0,100,183,1,11/7/2023 13:49,R_3s1wGuIYx5ZVLoc,qr,EN,4,19,2,3,1,,3,,3,,2,2,2,,3,4,1,3,3,,,,,,,,,,2
11/7/2023 13:45,11/7/2023 13:49,0,100,228,1,11/7/2023 13:49,R_2aL8DSysY9nop2P,qr,EN,4,24,5,2,2,,7,,3,,2,1,2,2,1,2,4,3,3,4,3,2,6,5,7,1,People’s opinion ,2,2
11/7/2023 13:48,11/7/2023 13:49,0,100,75,1,11/7/2023 13:49,R_10uw2ndtKHLgle4,qr,EN,4,20,4,2,2,,4,,3,,2,2,1,2,3,2,1,1,1,,,,,,,,,,3
11/7/2023 13:45,11/7/2023 13:49,0,100,246,1,11/7/2023 13:49,R_sdvUQ8YVnCT1BBf,qr,EN,4,24,5,2,1,,7,,3,,2,1,1,2,1,3,5,4,1,,,,,,,,,2,2
11/7/2023 13:45,11/7/2023 13:49,0,100,231,1,11/7/2023 13:49,R_1l3O919iKIvwh23,qr,EN,4,18,1,5,1,,3,,1,02125,,2,1,2,5,5,1,3,1,2,7,1,6,4,3,5,consistently updated scientific data on the quality of tap water as well as confirmed knowledge that taps are being cleaned/changed regularly ,,3
11/7/2023 13:47,11/7/2023 13:49,0,100,139,1,11/7/2023 13:49,R_27ahWVkZo7MQXAf,qr,EN,4,19,1,5,8,,7,,3,,2,1,1,2,1,3,2,3,4,3,2,1,4,5,6,7,,1,2
11/7/2023 13:46,11/7/2023 13:49,0,100,206,1,11/7/2023 13:49,R_2fy3vDJHdr6w3lA,qr,EN,4,24,4,7,1,,7,,1,02142,2,1,1,1,1,1,4,2,1,,,,,,,,,2,2
11/7/2023 13:47,11/7/2023 13:49,0,100,157,1,11/7/2023 13:49,R_3PLvUNZHLDItyHm,qr,EN,4,25,7,2,2,,4,,1,02169,,1,1,,1,3,1,3,1,,,,,,,,filtering and safety regulations,1,2
11/7/2023 13:45,11/7/2023 13:50,0,100,267,1,11/7/2023 13:50,R_XsNZcTDrSSulU0F,qr,EN,4,19,1,5,2,,5,,1,02132,2,1,1,,1,3,2,1,3,,,,,,,,Using one of those filter things that you put on the tap.,1,2
11/7/2023 13:48,11/7/2023 13:50,0,100,152,1,11/7/2023 13:50,R_3L609pSbBVr4TG8,qr,EN,4,23,5,2,2,,3,,1,02125,,2,1,2,2,2,2,2,2,,,,,,,,,,3
11/7/2023 13:47,11/7/2023 13:50,0,100,220,1,11/7/2023 13:50,R_w4Rd48CHRUC2e9b,qr,EN,4,19,1,3,1,,7,,1,02118,2,2,1,2,,,,,,1,2,3,5,6,7,4,,,2
11/7/2023 13:46,11/7/2023 13:50,0,100,247,1,11/7/2023 13:50,R_3h6IldybQaKZLSL,qr,EN,4,22,7,6,1,,5,,1,02151,2,3,1,,2,2,2,3,2,5,4,6,3,7,2,1,I don’t know ,,3
11/7/2023 13:48,11/7/2023 13:51,0,100,146,1,11/7/2023 13:51,R_1I60ncjB6onK1YU,qr,EN,4,23,3,7,2,,1,,1,02072,2,2,1,2,2,1,4,1,1,1,3,2,7,5,4,6,Idk ,,3
11/7/2023 13:47,11/7/2023 13:51,0,100,244,1,11/7/2023 13:51,R_RlEr0Oq1lOfq3fP,qr,EN,4,19,1,3,2,,2,,1,02150,2,2,2,2,1,3,1,3,3,2,4,5,3,6,1,7,making the taste better ,,2
11/7/2023 13:47,11/7/2023 13:51,0,100,240,1,11/7/2023 13:51,R_CevC4sAgl4hjtV7,qr,EN,4,19,1,3,2,,7,,1,02121,2,2,2,2,2,2,2,3,1,1,2,3,6,7,5,4,if there was more transparency on the subject,,2
11/7/2023 13:49,11/7/2023 13:51,0,100,116,1,11/7/2023 13:51,R_2bJKUvZ7sQKU5IG,qr,EN,4,20,3,"2,5",2,,7,,3,,2,2,2,1,3,3,3,3,3,,,,,,,,,,3
11/7/2023 13:49,11/7/2023 13:51,0,100,119,1,11/7/2023 13:51,R_1n9gevOdr0LkH2Z,qr,EN,4,19,2,5,1,,4,,1,02189,2,2,2,,4,4,1,4,4,1,2,3,4,5,6,7,,,2
11/7/2023 13:45,11/7/2023 13:51,0,100,361,1,11/7/2023 13:51,R_25X8WRxGj4PruMZ,qr,EN,4,19,2,5,2,,4,,1,02132,2,2,1,2,2,2,1,2,2,1,2,3,4,5,6,7,,,2
11/7/2023 13:49,11/7/2023 13:52,0,100,148,1,11/7/2023 13:52,R_3R1tQZLyctIpGbO,qr,EN,4,21,3,5,2,,1,,3,,2,2,2,2,4,4,2,2,4,,,,,,,,,,2
11/7/2023 13:49,11/7/2023 13:52,0,100,140,1,11/7/2023 13:52,R_2ab3uB3VNAzMyCE,qr,EN,4,19,2,5,1,,1,,3,,2,2,2,1,5,,4,4,4,,,,,,,,,,3
11/7/2023 13:49,11/7/2023 13:52,0,100,157,1,11/7/2023 13:52,R_2DT6MujhF9So9Wq,qr,EN,4,23,3,5,7,Her/she,3,,3,,2,3,2,1,5,5,2,5,4,,,,,,,,,,2
11/7/2023 13:50,11/7/2023 13:52,0,100,167,1,11/7/2023 13:52,R_2ypkRycTzWXGoQh,qr,EN,4,21,4,7,1,,7,,3,,2,1,2,,1,2,1,2,3,5,1,4,3,7,2,6,I already trust it,2,1
11/7/2023 13:46,11/7/2023 13:52,0,100,413,1,11/7/2023 13:52,R_2xQW98J25H51IY1,qr,EN,4,18,1,7,1,,7,,1,02143,2,1,1,,1,3,1,1,1,,,,,,,,,1,3
11/7/2023 13:48,11/7/2023 13:53,0,100,292,1,11/7/2023 13:53,R_11ZUlKr6d5ZCGEQ,qr,EN,4,19,2,5,2,,2,,1,02184,,2,2,2,1,5,4,4,4,,,,,,,,If there was a filter,,3
11/7/2023 13:49,11/7/2023 13:53,0,100,223,1,11/7/2023 13:53,R_3O1gJvk65komuAc,qr,EN,4,18,1,5,1,,7,,3,,,2,2,1,3,5,2,2,1,,,,,,,,,,3
11/7/2023 13:47,11/7/2023 13:53,0,100,369,1,11/7/2023 13:53,R_2R2H1OZRsIOZeeF,qr,EN,4,19,2,3,2,,3,,1,02121,2,2,1,2,2,2,1,1,2,,,,,,,,Trusted source with website and information on water,,3
11/7/2023 13:48,11/7/2023 13:54,0,100,365,1,11/7/2023 13:54,R_2AG9P7qejkfCcUB,qr,EN,4,24,5,2,2,,4,,1,02125,1,2,2,,5,3,5,3,3,,,,,,,,,,
11/7/2023 13:50,11/7/2023 13:54,0,100,257,1,11/7/2023 13:54,R_bqQPLDQs6vWumZj,qr,EN,4,21,4,3,1,,7,,3,,,2,2,2,2,4,1,3,2,3,5,1,6,4,7,2,,,4
11/7/2023 13:52,11/7/2023 13:55,0,100,177,1,11/7/2023 13:55,R_veto5y7Tt1XlIpr,qr,EN,4,24,5,2,1,,7,,3,,2,1,1,,3,3,3,3,2,6,7,1,5,4,2,3,Just heard it from people in my community,2,2
11/7/2023 13:46,11/7/2023 14:00,0,100,862,1,11/7/2023 14:00,R_3HzC879YUkt3Wwt,qr,EN,4,18,1,,1,,4,,1,02176,2,2,1,2,4,1,2,4,1,,,,,,,,,,1
11/7/2023 13:47,11/7/2023 15:14,0,100,5210,1,11/7/2023 15:14,R_2c7t8xaYXz30mW1,qr,EN,4,21,4,5,2,,3,,1,02148,2,1,2,2,2,3,3,3,2,1,2,4,3,7,6,5,,1,3
11/7/2023 15:37,11/7/2023 15:39,0,100,110,1,11/7/2023 15:39,R_2PoHr6cz7Gwy1Jj,qr,EN,4,27,6,2,2,,6,,3,,,2,1,2,3,3,2,3,4,2,5,1,3,6,4,7,Some time it is the only way to get water,,2
11/1/2023 9:25,11/1/2023 9:25,0,12,5,0,11/8/2023 8:25,R_2RX2tjOZLdWqzdl,qr,EN,4,,,,,,,,,,,,,,,,,,,,,,,,,,,,
11/1/2023 9:25,11/1/2023 9:33,0,76,497,0,11/8/2023 8:34,R_242WBYVGI2R3jyi,qr,EN,4,,4,7,1,,7,,3,,,2,2,2,4,4,2,3,3,,,,,,,,,,
11/1/2023 10:57,11/1/2023 11:00,0,82,176,0,11/8/2023 10:00,R_W87csbV5dB53dgl,qr,EN,4,20,3,5,1,,2,,1,02472,2,2,2,,3,3,1,3,3,,,,,,,,,,
11/1/2023 10:57,11/1/2023 11:03,0,82,314,0,11/8/2023 10:03,R_1OjW2YhbxdN5ZUL,qr,EN,4,18,1,"3,6",1,,7,,3,,2,2,1,,2,4,1,3,2,1,7,3,4,6,2,5,,,
11/1/2023 11:13,11/1/2023 11:14,0,71,48,0,11/8/2023 10:14,R_3dXERgqgkFJ71Cb,qr,EN,4,19,2,6,2,,3,,,,2,1,1,2,,,,,,,,,,,,,,,
11/1/2023 11:29,11/1/2023 11:29,0,18,12,0,11/8/2023 10:29,R_4VCe8Es8B04HxIJ,qr,EN,4,19,,,,,,,,,,,,,,,,,,,,,,,,,,,
11/1/2023 11:31,11/1/2023 11:32,0,18,48,0,11/8/2023 10:32,R_Aywie8elNS0aqXv,qr,EN,4,21,,,,,,,,,,,,,,,,,,,,,,,,,,,
11/2/2023 13:39,11/2/2023 13:40,0,59,64,0,11/9/2023 12:43,R_3nTRhQWgw4I2lZD,qr,EN,4,24,3,6,1,,,,3,,,3,,,,,,,,,,,,,,,,,
11/2/2023 13:44,11/2/2023 13:44,0,18,13,0,11/9/2023 12:58,R_1BWrPWKskZkj5eX,qr,EN,4,19,,,,,,,,,,,,,,,,,,,,,,,,,,,
11/12/2023 8:30,11/12/2023 8:35,0,100,311,1,11/12/2023 8:35,R_7Om3xHE0SNhmSRj,qr,EN,4,37,3,2,1,,4,,3,,2,1,2,2,1,2,2,1,1,,,,,,,,Source of origin,1,3
11/7/2023 10:28,11/7/2023 10:28,0,18,26,0,11/14/2023 10:28,R_1AMCyCJF1vWBEiJ,qr,EN,4,67,,,,,,,,,,,,,,,,,,,,,,,,,,,
11/7/2023 11:19,11/7/2023 11:21,0,76,135,0,11/14/2023 11:21,R_06R9MJfvSqVa2it,qr,EN,4,22,4,3,2,,4,,3,,2,1,1,2,3,5,2,3,2,,,,,,,,,,
11/7/2023 11:31,11/7/2023 11:32,0,71,47,0,11/14/2023 11:32,R_3O1bQWv4sOsBJ4q,qr,EN,4,19,2,2,1,,7,,3,,2,1,1,2,,,,,,,,,,,,,,,
11/7/2023 11:42,11/7/2023 11:43,0,18,59,0,11/14/2023 11:44,R_1d0jiRoXtSqtVOs,qr,EN,4,18,,,,,,,,,,,,,,,,,,,,,,,,,,,
11/7/2023 11:52,11/7/2023 11:54,0,82,151,0,11/14/2023 11:54,R_1GJr6cHO0pDk5Ql,qr,EN,4,27,4,2,,,4,,3,,2,1,2,2,1,,1,1,3,,,,,,,,,,
11/7/2023 12:56,11/7/2023 12:56,0,12,37,0,11/14/2023 12:56,R_2SddE8ChweRjLqH,qr,EN,4,,,,,,,,,,,,,,,,,,,,,,,,,,,,
11/7/2023 12:54,11/7/2023 12:55,0,82,78,0,11/14/2023 12:57,R_3Oc9iwuBhD2PwbF,qr,EN,4,18,1,5,1,,7,,1,01430,1,1,1,2,2,1,3,3,1,,,,,,,,,,
11/7/2023 13:01,11/7/2023 13:01,0,18,33,0,11/14/2023 13:02,R_1M2VNx527FvnVrX,qr,EN,4,30,,,,,,,,,,,,,,,,,,,,,,,,,,,
11/7/2023 13:01,11/7/2023 13:02,0,71,51,0,11/14/2023 13:03,R_2ttA9l3szYNuG4e,qr,EN,4,18,1,2,2,,3,,1,02148,2,2,2,2,,,,,,,,,,,,,,,
11/7/2023 13:04,11/7/2023 13:04,0,18,11,0,11/14/2023 13:05,R_OdrQdXUcG5WEYX7,qr,EN,4,21,,,,,,,,,,,,,,,,,,,,,,,,,,,
11/7/2023 13:03,11/7/2023 13:04,0,71,72,0,11/14/2023 13:06,R_3PLlpCWI3bdEa9z,qr,EN,4,24,6,2,1,,7,,3,,,1,3,2,,,,,,,,,,,,,,,
11/7/2023 13:03,11/7/2023 13:06,0,82,155,0,11/14/2023 13:08,R_O1NT3yiHAhYbRg5,qr,EN,4,22,4,3,2,,3,,1,02038,2,2,1,1,1,2,1,2,3,1,5,2,3,4,6,7,,,
11/7/2023 13:03,11/7/2023 13:05,0,71,174,0,11/14/2023 13:09,R_2AFgcl5yyDYFugG,qr,EN,4,19,2,5,1,,5,,1,02125,,2,2,2,,,,,,,,,,,,,,,
11/7/2023 13:06,11/7/2023 13:10,0,82,233,0,11/14/2023 13:11,R_3oENwZ1pPJGDPxH,qr,EN,4,21,4,5,1,,4,,3,,1,2,1,,5,5,4,5,5,,,,,,,,,,
11/7/2023 13:27,11/7/2023 13:28,0,12,29,0,11/14/2023 13:28,R_2bHuGnoFBLFXwMc,qr,EN,4,,,,,,,,,,,,,,,,,,,,,,,,,,,,
11/7/2023 13:30,11/7/2023 13:32,0,71,76,0,11/14/2023 13:32,R_3e7VyHwIyKNOLhS,qr,EN,4,18,1,3,2,,3,,3,,,2,1,2,,,,,,,,,,,,,,,
11/7/2023 13:31,11/7/2023 13:32,0,59,68,0,11/14/2023 13:33,R_2wmhdqg720DHDHG,qr,EN,4,23,5,2,1,,7,,1,02125,,1,,,,,,,,,,,,,,,,,
11/7/2023 13:32,11/7/2023 13:33,0,82,85,0,11/14/2023 13:34,R_3L251on2L1S6deO,qr,EN,4,22,4,2,5,,6,leftist,1,02122,2,1,2,2,2,3,3,2,1,,,,,,,,,,
11/7/2023 13:30,11/7/2023 13:34,0,59,210,0,11/14/2023 13:34,R_29sP1FI6FNP0Jj5,qr,EN,4,20,3,5,2,,4,,3,,1,1,,,,,,,,,,,,,,,,,
11/7/2023 13:32,11/7/2023 13:34,0,59,137,0,11/14/2023 13:35,R_2DYyLofmTb4Qirr,qr,EN,4,18,1,"1,3",1,,6,,1,02124,,2,,,,,,,,,,,,,,,,,
11/7/2023 13:36,11/7/2023 13:39,0,82,185,0,11/14/2023 13:40,R_1DpUE43nisZqhhQ,qr,EN,4,18,1,7,1,,5,,3,,2,2,2,1,2,3,1,3,1,7,6,1,4,3,2,5,,,
11/7/2023 13:35,11/7/2023 13:36,0,71,84,0,11/14/2023 13:41,R_RsNjV2mz7bJDlzX,qr,EN,4,20,2,3,1,,5,,3,,1,2,1,2,,,,,,,,,,,,,,,
11/7/2023 13:45,11/7/2023 13:45,0,12,4,0,11/14/2023 13:46,R_1HobMQzXVofn0F7,qr,EN,4,,,,,,,,,,,,,,,,,,,,,,,,,,,,
11/7/2023 13:46,11/7/2023 13:46,8,12,4,0,11/14/2023 13:46,R_2s5QonZKRCZcRnz,qr,EN,4,,,,,,,,,,,,,,,,,,,,,,,,,,,,
11/7/2023 13:48,11/7/2023 13:50,0,59,114,0,11/14/2023 13:50,R_2OVIrT6gcEIiUtG,qr,EN,4,24,5,2,1,,1,,1,02171,2,1,,,,,,,,,,,,,,,,,
11/7/2023 13:47,11/7/2023 13:55,0,18,474,0,11/14/2023 14:00,R_2uL3acPAX1gSL8n,qr,EN,4,21,,,,,,,,,,,,,,,,,,,,,,,,,,,
11/7/2023 12:55,11/7/2023 13:57,0,82,3766,0,11/14/2023 14:02,R_1cZgVxTpMQgoDR1,qr,EN,4,21,4,"2,5",1,,4,,1,02150,,2,1,2,5,2,3,3,1,2,3,1,4,5,7,6,,,
11/7/2023 15:37,11/7/2023 15:37,0,12,2,0,11/14/2023 15:37,R_2ss311c0lMotSfL,qr,EN,4,,,,,,,,,,,,,,,,,,,,,,,,,,,,
11/7/2023 15:45,11/7/2023 15:46,0,71,83,0,11/14/2023 15:46,R_10AdYmez4CPTAqa,qr,EN,4,18,1,6,1,,6,idk,1,02135,2,2,2,2,,,,,,,,,,,,,,,
11/16/2023 17:18,11/16/2023 17:18,0,12,5,0,11/23/2023 17:18,R_2viiC0zSfvNnFD2,qr,EN,,,,,,,,,,,,,,,,,,,,,,,,,,,,,
