complete,date,concent,age,educational_status,race,gender,political,zipcode,are_drinking_water_issues_present,primary_drinking_source,consistently_uses_waterbottle,home_water_source,home_tap_is_safe,campus_tap_is_safe,bottles_are_safe,trust_in_local_government,choices_influenced_by_quality_in_community,rank_taste,rank_appearance,rank_health,rank_convenience,rank_environment,rank_cost,rank_source,what_would_increase_trust_in_tap,is_tap_filtered,glasses_per_day
TRUE,11/1/2023 9:10,"Yes, I want to participate",18,Freshman student,Asian,Man,Mixed,Prefer not to answer,No,Tap water,Yes,Public Supply,Strongly agree,Somewhat disagree,Strongly agree,Somewhat disagree,Neither agree nor disagree,2,3,1,5,6,7,4,,Yes,Less than 2 glasses per day
TRUE,11/1/2023 9:10,"Yes, I want to participate",18,Freshman student,Black or African American,Man,Mixed,Prefer not to answer,No,Plastic bottled water,Yes,Public Supply,Neither agree nor disagree,Somewhat agree,Somewhat agree,Neither agree nor disagree,Strongly agree,6,2,1,3,5,7,4,National clean water,,2-6 glasses per day
TRUE,11/1/2023 9:12,"Yes, I want to participate",20,Junior student,White/Caucasian,Man,Consistently liberal,2128,No,Tap water,Yes,Public Supply,Strongly agree,Somewhat agree,Strongly agree,Somewhat agree,Strongly agree,4,2,5,6,3,1,7,Nothin I’m fine with it,Yes,2-6 glasses per day
TRUE,11/1/2023 9:12,"Yes, I want to participate",19,Freshman student,Asian,Non-binary,Mixed,2302,,Tap water,Yes,Public Supply,Neither agree nor disagree,Neither agree nor disagree,Somewhat agree,Neither agree nor disagree,Somewhat agree,,,,,,,,,Yes,2-6 glasses per day
TRUE,11/1/2023 9:15,"Yes, I want to participate",18,Freshman student,Hispanic or Latino,Woman,Mostly liberal,2054,,Tap water,No,Public Supply,Somewhat agree,Somewhat agree,Strongly agree,Neither agree nor disagree,Strongly agree,3,2,5,1,6,4,7,Filter ,,7-12 glasses per
TRUE,11/1/2023 9:15,"Yes, I want to participate",18,Sophomore student,Asian,Prefer not to answer,Consistently conservative,2445,No,Tap water,No,Well,Neither agree nor disagree,Somewhat disagree,Strongly disagree,Somewhat agree,Neither agree nor disagree,,,,,,,,home,Yes,2-6 glasses per day
TRUE,11/1/2023 9:17,"Yes, I want to participate",19,Sophomore student,White/Caucasian,Man,Prefer not to answer,2125,Yes,Glass bottled/canned/boxed water,Yes,Public Supply,Strongly disagree,Neither agree nor disagree,Strongly agree,Neither agree nor disagree,Neither agree nor disagree,4,5,3,7,6,1,2,If they actually purified the water properly,,2-6 glasses per day
TRUE,11/1/2023 9:19,"Yes, I want to participate",26,Senior student,White/Caucasian,Man,Mostly liberal,2169,No,Plastic bottled water,No,Public Supply,Strongly agree,Neither agree nor disagree,Somewhat agree,Somewhat agree,Somewhat disagree,3,1,2,6,4,5,7,more government update and testing clarity,,2-6 glasses per day
TRUE,11/1/2023 9:20,"Yes, I want to participate",18,Freshman student,Black or African American,Woman,Consistently liberal,2130,No,Plastic bottled water,Yes,,Somewhat agree,Strongly disagree,Strongly agree,Somewhat agree,Somewhat agree,1,2,3,7,5,4,6,Knowing where it comes from and what’s in it,,2-6 glasses per day
TRUE,11/1/2023 9:22,"Yes, I want to participate",19,Freshman student,Hispanic or Latino,Woman,Mostly liberal,2122,No,Tap water,Yes,Public Supply,Somewhat agree,Somewhat agree,Neither agree nor disagree,Neither agree nor disagree,Somewhat disagree,,,,,,,,Having a filter on the tap ,Yes,7-12 glasses per
TRUE,11/1/2023 9:22,"Yes, I want to participate",18,Freshman student,White/Caucasian,Man,Consistently liberal,2124,,Tap water,No,Public Supply,Strongly agree,Strongly agree,Strongly agree,Neither agree nor disagree,Somewhat disagree,3,6,4,1,5,2,7,Maybe if I owned a filter,No,2-6 glasses per day
TRUE,11/1/2023 9:28,"Yes, I want to participate",18,Freshman student,Hispanic or Latino,Woman,Mixed,2169,,Plastic bottled water,Yes,,Neither agree nor disagree,Neither agree nor disagree,Somewhat agree,Neither agree nor disagree,Somewhat disagree,4,5,2,3,6,1,7,Having a water filter in the tap ,,2-6 glasses per day
TRUE,11/1/2023 9:28,"Yes, I want to participate",20,Junior student,Asian,Woman,Consistently liberal,2769,No,Tap water,Yes,,Somewhat agree,Somewhat disagree,Somewhat agree,Neither agree nor disagree,Strongly agree,1,2,3,7,6,5,4,Appearing clear,Yes,2-6 glasses per day
TRUE,11/1/2023 9:29,"Yes, I want to participate",19,Sophomore student,Asian,Woman,Mostly liberal,2124,Yes,Plastic bottled water,No,Public Supply,Strongly disagree,Strongly disagree,Somewhat agree,Somewhat disagree,Somewhat agree,1,2,5,3,6,4,7,easy access to water tests ,,2-6 glasses per day
TRUE,11/1/2023 9:29,"Yes, I want to participate",18,Freshman student,White/Caucasian,Woman,Consistently liberal,252125,,Tap water,Yes,Public Supply,Somewhat agree,Somewhat agree,Strongly agree,Somewhat disagree,Strongly agree,3,1,4,6,5,2,7,If people regularly used it in my area ,Yes,Less than 2 glasses per day
TRUE,11/1/2023 9:30,"Yes, I want to participate",19,Sophomore student,Black or African American,Woman,Mostly liberal,2125,,Plastic bottled water,Yes,Public Supply,Somewhat agree,Neither agree nor disagree,Strongly agree,Neither agree nor disagree,Strongly agree,1,6,2,3,4,5,7,Nothing I don’t like taste of tap water ,,2-6 glasses per day
TRUE,11/1/2023 9:31,"Yes, I want to participate",26,Senior student,Hispanic or Latino,Woman,Mostly liberal,2368,No,Glass bottled/canned/boxed water,No,,Neither agree nor disagree,Somewhat disagree,Somewhat disagree,Strongly disagree,Strongly agree,5,7,4,6,3,1,2,If I knew where it’s sourced from ,,Less than 2 glasses per day
TRUE,11/1/2023 9:32,"Yes, I want to participate",29,Freshman student,White/Caucasian,Woman,Mixed,2180,Yes,Plastic bottled water,No,Well,Strongly disagree,Somewhat agree,Strongly agree,Neither agree nor disagree,Neither agree nor disagree,,,,,,,,,,13 or more glasses per day
TRUE,11/1/2023 10:36,"Yes, I want to participate",29,PhD student,Prefer not to answer,Man,Mostly liberal,2119,Yes,Tap water,Yes,Public Supply,Somewhat agree,Somewhat agree,Somewhat agree,Somewhat agree,Somewhat agree,5,2,1,4,6,7,3,More information about the water,No,7-12 glasses per
TRUE,11/1/2023 10:57,"Yes, I want to participate",26,Junior student,Asian,Man,Mixed,2170,Yes,Glass bottled/canned/boxed water,Yes,Well,Strongly disagree,Somewhat disagree,Somewhat disagree,Strongly disagree,Strongly agree,,,,,,,,idk,,2-6 glasses per day
TRUE,11/1/2023 10:58,"Yes, I want to participate",19,Freshman student,"Black or African American,White/Caucasian",Woman,Prefer not to answer,2125,Yes,Tap water,No,Well,Strongly agree,Somewhat agree,Strongly agree,Strongly agree,Strongly agree,7,2,1,3,6,4,5,Nothing all I know is don’t drink worcester water,No,Less than 2 glasses per day
TRUE,11/1/2023 10:58,"Yes, I want to participate",26,Senior student,American Indian or Alaska Native,,Mostly liberal,2446,No,Tap water,Yes,,Strongly agree,Somewhat agree,Neither agree nor disagree,Somewhat disagree,Neither agree nor disagree,2,7,5,4,1,3,6,N/A,Yes,2-6 glasses per day
TRUE,11/1/2023 10:58,"Yes, I want to participate",18,Freshman student,"White/Caucasian,Hispanic or Latino",Woman,Mixed,1902,No,Plastic bottled water,Yes,,Somewhat agree,Somewhat agree,Strongly agree,Somewhat agree,Neither agree nor disagree,1,2,5,4,6,3,7,Knowing more about the filtration system ,,2-6 glasses per day
TRUE,11/1/2023 10:59,"Yes, I want to participate",22,Sophomore student,Asian,Woman,Mixed,2125,No,Plastic bottled water,No,Well,Somewhat disagree,Neither agree nor disagree,Strongly agree,Neither agree nor disagree,Somewhat agree,,,,,,,,,,2-6 glasses per day
TRUE,11/1/2023 10:59,"Yes, I want to participate",22,Sophomore student,White/Caucasian,Woman,Consistently conservative,1890,No,Plastic bottled water,Yes,Public Supply,Somewhat agree,Neither agree nor disagree,Strongly agree,Somewhat agree,Somewhat agree,6,5,1,2,7,4,3,,,7-12 glasses per
TRUE,11/1/2023 11:02,"Yes, I want to participate",20,Junior student,Hispanic or Latino,Woman,Prefer not to answer,2124,No,Plastic bottled water,No,,Somewhat agree,Neither agree nor disagree,Strongly agree,Neither agree nor disagree,Neither agree nor disagree,2,1,5,6,7,4,3,,,2-6 glasses per day
TRUE,11/1/2023 11:02,"Yes, I want to participate",18,Senior student,White/Caucasian,Man,Mostly liberal,2125,No,Tap water,No,Public Supply,Strongly agree,Somewhat agree,Strongly agree,Somewhat agree,Neither agree nor disagree,,,,,,,,,No,2-6 glasses per day
TRUE,11/1/2023 11:02,"Yes, I want to participate",23,Senior student,Asian,Woman,Mostly liberal,2125,,Tap water,Yes,Public Supply,Somewhat disagree,Neither agree nor disagree,Neither agree nor disagree,Somewhat disagree,Somewhat agree,3,5,2,6,4,7,1,Water filter ,Yes,Less than 2 glasses per day
TRUE,11/1/2023 11:03,"Yes, I want to participate",19,Freshman student,Prefer not to answer,Woman,Prefer not to answer,2149,No,I don't drink water,,,,,,,,,,,,,,,,,
TRUE,11/1/2023 11:03,"Yes, I want to participate",24,Master's student,White/Caucasian,Man,Mostly liberal,2125,,Glass bottled/canned/boxed water,Yes,Public Supply,Somewhat disagree,Somewhat disagree,Neither agree nor disagree,Somewhat disagree,Strongly agree,,,,,,,,If the water is filtered at home or properly sealed and comes from a trusted place. ,,2-6 glasses per day
TRUE,11/1/2023 11:03,"Yes, I want to participate",32,Senior student,Asian,Woman,Consistently conservative,2125,No,Tap water,Yes,Well,Neither agree nor disagree,Somewhat disagree,Somewhat agree,Somewhat agree,Somewhat agree,,,,,,,,,Yes,7-12 glasses per
TRUE,11/1/2023 11:05,"Yes, I want to participate",20,Junior student,White/Caucasian,Man,Other,2125,,Tap water,Yes,Public Supply,Neither agree nor disagree,Neither agree nor disagree,Somewhat agree,Neither agree nor disagree,Somewhat agree,,,,,,,,"A filter, which I use!",Yes,2-6 glasses per day
TRUE,11/1/2023 11:05,"Yes, I want to participate",20,Junior student,Asian,Woman,Prefer not to answer,2125,No,Plastic bottled water,Prefer not to answer,,Somewhat disagree,Neither agree nor disagree,Neither agree nor disagree,Neither agree nor disagree,Neither agree nor disagree,2,7,1,5,6,4,3,I feel like i have a emotional connection to how tap water is gross because you never know what the filtered water has even if people who control the water supply know ,,2-6 glasses per day
TRUE,11/1/2023 11:06,"Yes, I want to participate",21,Sophomore student,Asian,Man,Prefer not to answer,2301,No,Plastic bottled water,Yes,Public Supply,Strongly agree,Strongly agree,Somewhat agree,Somewhat agree,Somewhat agree,,,,,,,,,,13 or more glasses per day
TRUE,11/1/2023 11:11,"Yes, I want to participate",19,Junior student,Hispanic or Latino,Woman,Mostly conservative,2125,Yes,Tap water,Yes,Public Supply,Somewhat agree,Strongly disagree,Strongly agree,Somewhat agree,Strongly agree,3,4,2,5,6,7,1,The taste and source ,Yes,2-6 glasses per day
TRUE,11/1/2023 11:12,"Yes, I want to participate",24,Prefer not to answer,"White/Caucasian,Hispanic or Latino",Man,Mostly liberal,2124,No,Tap water,No,Public Supply,Somewhat agree,Somewhat agree,Strongly agree,Neither agree nor disagree,Neither agree nor disagree,6,4,1,3,5,2,7,,Yes,2-6 glasses per day
TRUE,11/1/2023 11:18,"Yes, I want to participate",21,Senior student,Hispanic or Latino,Woman,Prefer not to answer,2124,Yes,Plastic bottled water,No,Well,Somewhat disagree,Somewhat disagree,Somewhat agree,Neither agree nor disagree,Somewhat agree,4,1,3,2,5,6,7,Better cleaning service,,Less than 2 glasses per day
TRUE,11/1/2023 11:19,"Yes, I want to participate",18,Freshman student,White/Caucasian,Man,Consistently liberal,2184,No,Plastic bottled water,Yes,,Somewhat agree,Neither agree nor disagree,Strongly agree,Somewhat agree,Somewhat disagree,1,2,3,7,4,6,5,Knowing where my water comes from.,,2-6 glasses per day
TRUE,11/1/2023 11:19,"Yes, I want to participate",18,Freshman student,White/Caucasian,Man,Mixed,2169,Yes,Tap water,Yes,,Somewhat agree,Neither agree nor disagree,Somewhat agree,Neither agree nor disagree,Somewhat agree,7,6,1,4,3,2,5,,Yes,7-12 glasses per
TRUE,11/1/2023 11:20,"Yes, I want to participate",18,Freshman student,"American Indian or Alaska Native,Black or African American,White/Caucasian",Woman,Mostly liberal,2119,Yes,Plastic bottled water,No,Public Supply,Somewhat disagree,Somewhat agree,Strongly agree,Strongly agree,Somewhat agree,5,7,1,2,4,3,6,Verification of several and frequent water quality test from a (preferably federal) third party ,,Less than 2 glasses per day
TRUE,11/1/2023 11:22,"Yes, I want to participate",21,Sophomore student,Black or African American,Woman,Prefer not to answer,2072,,Plastic bottled water,Yes,,Somewhat disagree,Strongly disagree,Strongly agree,Strongly disagree,Neither agree nor disagree,2,1,3,5,6,4,7,A filter,,2-6 glasses per day
TRUE,11/1/2023 11:24,"Yes, I want to participate",18,Freshman student,Hispanic or Latino,Woman,Mixed,2066,Yes,Plastic bottled water,No,,Somewhat disagree,Somewhat agree,Strongly agree,Strongly disagree,Strongly agree,1,6,2,4,5,7,3,If it smelled like it was safe to drink ,,2-6 glasses per day
TRUE,11/1/2023 11:24,"Yes, I want to participate",19,Sophomore student,Hispanic or Latino,Man,Mostly liberal,2125,No,Plastic bottled water,Yes,Public Supply,Somewhat agree,Somewhat disagree,Strongly agree,Somewhat agree,Strongly agree,1,7,2,4,3,5,6,,,7-12 glasses per
TRUE,11/1/2023 11:25,"Yes, I want to participate",18,Freshman student,"Asian,Hispanic or Latino",Prefer not to answer,Consistently liberal,2132,Yes,Plastic bottled water,No,Public Supply,Somewhat disagree,Strongly disagree,Somewhat agree,Neither agree nor disagree,Somewhat agree,,,,,,,,better taste/color,,2-6 glasses per day
TRUE,11/1/2023 11:26,"Yes, I want to participate",18,Freshman student,Asian,Woman,Consistently liberal,2368,Yes,Plastic bottled water,Yes,Public Supply,Somewhat disagree,Neither agree nor disagree,Somewhat agree,Strongly disagree,Somewhat agree,,,,,,,,Knowing that it comes from a clean source ,,2-6 glasses per day
TRUE,11/1/2023 11:26,"Yes, I want to participate",18,Freshman student,White/Caucasian,Non-binary,Consistently liberal,2125,Yes,Plastic bottled water,No,Public Supply,Somewhat agree,Somewhat disagree,Strongly agree,Neither agree nor disagree,Strongly agree,2,1,3,7,5,4,6,The look and smell.,,2-6 glasses per day
TRUE,11/1/2023 11:26,"Yes, I want to participate",18,Freshman student,White/Caucasian,Woman,Consistently liberal,2360,Yes,Plastic bottled water,Yes,Public Supply,Somewhat agree,Somewhat agree,Somewhat agree,Strongly disagree,Neither agree nor disagree,4,3,6,1,7,2,5,If the government didn’t mess with it and just cleaned up a bit more ,,2-6 glasses per day
TRUE,11/1/2023 11:26,"Yes, I want to participate",22,Junior student,White/Caucasian,Man,Mostly liberal,2125,No,Plastic bottled water,Yes,,Somewhat agree,Strongly disagree,Strongly agree,Strongly disagree,Neither agree nor disagree,,,,,,,,,,2-6 glasses per day
TRUE,11/1/2023 11:27,"Yes, I want to participate",19,Sophomore student,White/Caucasian,Woman,Mostly liberal,2128,No,Tap water,Yes,,Somewhat agree,Somewhat agree,Somewhat agree,Somewhat disagree,Somewhat agree,3,7,1,6,2,4,5,transperency,Yes,7-12 glasses per
TRUE,11/1/2023 11:27,"Yes, I want to participate",21,Freshman student,White/Caucasian,Woman,Mixed,2148,,Plastic bottled water,No,,Somewhat disagree,Somewhat disagree,Somewhat agree,Somewhat disagree,Strongly agree,3,5,2,4,6,7,1,a brita filter ,,2-6 glasses per day
TRUE,11/1/2023 11:29,"Yes, I want to participate",19,Sophomore student,White/Caucasian,Woman,Mostly liberal,2128,,Tap water,Yes,Public Supply,Somewhat disagree,Somewhat agree,Strongly agree,Neither agree nor disagree,Strongly agree,4,7,1,3,5,2,6,,Yes,2-6 glasses per day
TRUE,11/1/2023 11:31,"No, I don't want to participate",,,,,,2125,,,,,,,,,,,,,,,,,,,
TRUE,11/1/2023 11:31,"Yes, I want to participate",18,Freshman student,"White/Caucasian,Hispanic or Latino",Woman,Prefer not to answer,1702,,Tap water,Yes,Public Supply,Somewhat agree,Somewhat disagree,Strongly agree,Neither agree nor disagree,Somewhat agree,2,4,1,3,7,5,6,,Yes,2-6 glasses per day
TRUE,11/1/2023 11:32,"Yes, I want to participate",18,Freshman student,Black or African American,Woman,Prefer not to answer,1970,No,Glass bottled/canned/boxed water,Yes,Well,Strongly disagree,Strongly agree,Somewhat agree,Neither agree nor disagree,Strongly agree,,,,,,,,Knowing where it’s coming from and how it taste ,,7-12 glasses per
TRUE,11/1/2023 11:34,"Yes, I want to participate",20,Sophomore student,Asian,Woman,Prefer not to answer,2125,Yes,Tap water,Yes,Public Supply,Neither agree nor disagree,Neither agree nor disagree,Neither agree nor disagree,Neither agree nor disagree,Strongly disagree,3,6,7,1,5,2,4,,Yes,2-6 glasses per day
TRUE,11/1/2023 11:40,"Yes, I want to participate",33,Master's student,Black or African American,Woman,Consistently liberal,2121,No,Tap water,Yes,Public Supply,Strongly agree,Strongly agree,Neither agree nor disagree,Strongly agree,Strongly disagree,2,7,1,4,5,3,6,,No,Less than 2 glasses per day
TRUE,11/1/2023 15:08,"Yes, I want to participate",18,Freshman student,Asian,Woman,Prefer not to answer,2170,No,Plastic bottled water,Yes,Public Supply,Somewhat agree,Neither agree nor disagree,Somewhat agree,Strongly agree,Somewhat agree,,,,,,,,Probably with how the water quality was supplied to the town that I lived at. ,,2-6 glasses per day
TRUE,11/1/2023 15:14,"Yes, I want to participate",32,PhD student,White/Caucasian,Woman,Mostly liberal,2113,,Tap water,Yes,,Strongly agree,Strongly agree,Neither agree nor disagree,Somewhat agree,Somewhat disagree,7,5,6,3,1,2,4,,No,7-12 glasses per
TRUE,11/1/2023 15:20,"Yes, I want to participate",18,Freshman student,Black or African American,Woman,Prefer not to answer,2150,No,Plastic bottled water,Yes,Public Supply,Neither agree nor disagree,Somewhat disagree,Somewhat agree,Neither agree nor disagree,Neither agree nor disagree,5,2,3,6,1,4,7,to know if it’s spruce is clean ,,2-6 glasses per day
TRUE,11/1/2023 15:21,"Yes, I want to participate",22,Senior student,"Asian,White/Caucasian",Woman,Mixed,2160,No,Tap water,Yes,Public Supply,Somewhat agree,Somewhat agree,Somewhat agree,Neither agree nor disagree,Strongly agree,,,,,,,,If I knew more about where it comes from/how it’s filtered without having to look for the information ,Yes,7-12 glasses per
TRUE,11/1/2023 15:22,"Yes, I want to participate",28,Master's student,White/Caucasian,Woman,Mostly liberal,2124,Yes,Prefer not to answer,Yes,Public Supply,Strongly disagree,Neither agree nor disagree,Somewhat agree,Somewhat disagree,Strongly agree,2,6,1,7,3,4,5,More frequent and reliable updates on water testing,,
TRUE,11/1/2023 15:26,"Yes, I want to participate",27,Master's student,White/Caucasian,Man,"Socialist, communist",2125,No,Tap water,Yes,Public Supply,Strongly agree,Strongly agree,Strongly agree,Somewhat agree,Neither agree nor disagree,1,3,7,6,4,2,5,Frequent water testing by the government and making these tests available to the public,Yes,7-12 glasses per
TRUE,11/1/2023 16:03,"Yes, I want to participate",29,Master's student,White/Caucasian,Woman,Consistently liberal,2169,,Tap water,Yes,Public Supply,Somewhat agree,Somewhat agree,Somewhat agree,Somewhat agree,Neither agree nor disagree,,,,,,,,Knowing the composition of the city's water pipes,No,2-6 glasses per day
TRUE,11/2/2023 13:36,"Yes, I want to participate",22,Senior student,Black or African American,Man,None,2170,,Plastic bottled water,Yes,Public Supply,Strongly agree,Neither agree nor disagree,Strongly agree,Neither agree nor disagree,Strongly agree,3,4,1,5,6,7,2,The source in which the water is coming from because there is a lot of pollution around our source of water. ,,13 or more glasses per day
TRUE,11/2/2023 13:41,"Yes, I want to participate",20,Freshman student,Asian,Man,Mostly liberal,2148,Yes,Glass bottled/canned/boxed water,Yes,Public Supply,Strongly disagree,Somewhat agree,Somewhat agree,Strongly disagree,Somewhat agree,,,,,,,,Information about its purity,,13 or more glasses per day
TRUE,11/2/2023 13:41,"Yes, I want to participate",20,Junior student,White/Caucasian,Man,Consistently liberal,2302,No,Plastic bottled water,No,Well,Strongly agree,Neither agree nor disagree,Strongly agree,Neither agree nor disagree,Somewhat agree,6,1,4,2,5,3,7,,,2-6 glasses per day
TRUE,11/2/2023 13:41,"Yes, I want to participate",21,Senior student,"American Indian or Alaska Native,Black or African American,White/Caucasian,Hispanic or Latino",Woman,Mostly liberal,2128,No,Glass bottled/canned/boxed water,Yes,Public Supply,Strongly disagree,Strongly disagree,Neither agree nor disagree,Strongly disagree,Somewhat agree,6,4,1,7,3,5,2,Clean pipes ,,7-12 glasses per
TRUE,11/2/2023 13:42,"Yes, I want to participate",21,Senior student,White/Caucasian,Woman,Consistently liberal,1906,,Tap water,Yes,Public Supply,Strongly agree,Neither agree nor disagree,Strongly agree,Neither agree nor disagree,Strongly agree,6,2,1,3,7,4,5,Probably if everyone didn’t bash boston water,Yes,7-12 glasses per
TRUE,11/2/2023 13:42,"Yes, I want to participate",24,Senior student,"Black or African American,White/Caucasian",Man,Mostly liberal,2864,,Plastic bottled water,No,Public Supply,Somewhat agree,Somewhat agree,Somewhat agree,Somewhat agree,Somewhat agree,,,,,,,,,,2-6 glasses per day
TRUE,11/2/2023 13:42,"Yes, I want to participate",22,Prefer not to answer,Prefer not to answer,Woman,Mixed,6239,No,Tap water,Yes,,Somewhat agree,Neither agree nor disagree,Somewhat agree,Neither agree nor disagree,Neither agree nor disagree,,,,,,,,,No,2-6 glasses per day
TRUE,11/2/2023 13:42,"Yes, I want to participate",25,Senior student,White/Caucasian,Woman,Mostly liberal,2125,,Tap water,Yes,Public Supply,Somewhat agree,Somewhat agree,Somewhat disagree,Strongly disagree,Neither agree nor disagree,2,1,3,4,6,5,7,Something easily provided by the government that the water is monitored and safe,Yes,Less than 2 glasses per day
TRUE,11/2/2023 13:43,"Yes, I want to participate",18,Freshman student,"Asian,White/Caucasian",Transgender man,Mostly liberal,2125,,Tap water,Yes,Public Supply,Strongly agree,Somewhat agree,Somewhat agree,Neither agree nor disagree,Neither agree nor disagree,3,2,6,5,1,7,4,If I understood the regulations and knew where it came from,No,2-6 glasses per day
TRUE,11/2/2023 13:43,"Yes, I want to participate",30,Master's student,"Asian,White/Caucasian",Man,Mostly conservative,2125,,Plastic bottled water,Yes,Public Supply,Somewhat agree,Somewhat disagree,Somewhat agree,Neither agree nor disagree,Strongly agree,2,1,3,5,6,4,7,,,7-12 glasses per
TRUE,11/2/2023 13:43,"Yes, I want to participate",Old enough,Senior student,"Native Hawaiian or Other Pacific Islander,White/Caucasian",Man,Mostly conservative,2125,Yes,Tap water,No,,Somewhat agree,Somewhat agree,Somewhat agree,Somewhat disagree,Somewhat disagree,,,,,,,,,Yes,7-12 glasses per
TRUE,11/2/2023 13:44,"Yes, I want to participate",21,Junior student,White/Caucasian,Man,Mostly liberal,10031,,Plastic bottled water,Yes,Public Supply,Somewhat agree,Neither agree nor disagree,Somewhat agree,Somewhat disagree,Somewhat disagree,5,3,1,2,6,4,7,If I knew where it was filtered and how consistent the filtration was,,2-6 glasses per day
TRUE,11/2/2023 13:44,"Yes, I want to participate",18,Sophomore student,White/Caucasian,Woman,Consistently liberal,2125,,Tap water,Yes,Public Supply,Somewhat agree,Somewhat agree,Somewhat agree,Neither agree nor disagree,Somewhat agree,,,,,,,,,Yes,7-12 glasses per
TRUE,11/2/2023 13:46,"Yes, I want to participate",28,Sophomore student,American Indian or Alaska Native,Man,Non-political ,2125,,Tap water,Yes,Public Supply,Neither agree nor disagree,Neither agree nor disagree,Strongly disagree,Somewhat disagree,Strongly agree,,,,,,,,"More available information, also if tap water didn’t taste like chlorine I wouldn’t question it that much",Yes,13 or more glasses per day
TRUE,11/2/2023 13:49,"Yes, I want to participate",21,Senior student,Asian,Woman,Mostly conservative,2125,,Plastic bottled water,No,Public Supply,Somewhat agree,Somewhat disagree,Somewhat agree,Neither agree nor disagree,Strongly agree,,,,,,,,,,Less than 2 glasses per day
TRUE,11/2/2023 13:50,"Yes, I want to participate",24,Other,White/Caucasian,Woman,Mixed,2169,,Tap water,Yes,Public Supply,Somewhat agree,Somewhat agree,Somewhat agree,Strongly disagree,Somewhat agree,5,4,1,3,7,2,6,,Yes,7-12 glasses per
TRUE,11/2/2023 13:52,"Yes, I want to participate",23,Junior student,Hispanic or Latino,Woman,Mixed,1801,,Plastic bottled water,No,,Strongly disagree,Strongly disagree,Strongly agree,Neither agree nor disagree,Neither agree nor disagree,,,,,,,,I don’t know ,,2-6 glasses per day
TRUE,11/3/2023 15:02,"Yes, I want to participate",27,PhD student,White/Caucasian,Man,Consistently liberal,2360,No,Tap water,Yes,Public Supply,Strongly agree,Somewhat agree,Somewhat agree,Somewhat agree,Neither agree nor disagree,4,3,1,6,5,2,7,Distributed water quality tests ,No,7-12 glasses per
TRUE,11/5/2023 14:34,"Yes, I want to participate",23,Senior student,Asian,Woman,Consistently liberal,2119,No,Plastic bottled water,Yes,Public Supply,Somewhat agree,Somewhat agree,Somewhat agree,Somewhat agree,Somewhat agree,1,4,3,2,5,7,6,Maybe more (accurate) statistics about the tap water.,,2-6 glasses per day
TRUE,11/6/2023 10:45,"Yes, I want to participate",17,,,,,2150,,,,,,,,,,,,,,,,,,,
TRUE,11/6/2023 10:45,"Yes, I want to participate",21,Junior student,Hispanic or Latino,Woman,Consistently liberal,1585,,Plastic bottled water,Yes,Public Supply,Neither agree nor disagree,Somewhat agree,Somewhat agree,Strongly disagree,Somewhat agree,2,5,1,6,7,3,4,,,7-12 glasses per
TRUE,11/6/2023 10:46,"Yes, I want to participate",28,Senior student,White/Caucasian,Man,Mostly liberal,2302,Yes,Tap water,Yes,Public Supply,Somewhat agree,Strongly agree,Strongly agree,Strongly agree,Somewhat agree,7,5,1,3,4,2,6,Less carcinogens ,Yes,7-12 glasses per
TRUE,11/6/2023 10:46,"Yes, I want to participate",18,Freshman student,Asian,Man,Mostly conservative,2150,Yes,Plastic bottled water,Yes,Public Supply,Somewhat agree,Somewhat agree,Strongly agree,Somewhat agree,Strongly agree,2,1,3,4,6,5,7,Better filtration process,,7-12 glasses per
TRUE,11/6/2023 10:47,"Yes, I want to participate",18,Freshman student,Asian,Woman,Mixed,1923,Yes,Plastic bottled water,No,Public Supply,Strongly disagree,Somewhat disagree,Somewhat agree,Neither agree nor disagree,Neither agree nor disagree,5,6,1,7,3,4,2,Data,,7-12 glasses per
TRUE,11/6/2023 10:50,"Yes, I want to participate",18,Freshman student,Prefer not to answer,Woman,Prefer not to answer,2125,,Plastic bottled water,No,,Somewhat agree,Neither agree nor disagree,Strongly agree,Somewhat agree,Strongly agree,1,6,3,2,4,5,7,"proof it’s filtered, tastes good",,7-12 glasses per
TRUE,11/6/2023 10:50,"Yes, I want to participate",19,Freshman student,Hispanic or Latino,Woman,Consistently liberal,2066,,Tap water,Yes,,Neither agree nor disagree,Neither agree nor disagree,Somewhat agree,Neither agree nor disagree,Somewhat agree,5,2,1,3,4,7,6,,Yes,2-6 glasses per day
TRUE,11/6/2023 10:52,"Yes, I want to participate",19,Sophomore student,Asian,Woman,Other,2125,No,Plastic bottled water,Prefer not to answer,Public Supply,,,,,,,,,,,,,,,Less than 2 glasses per day
TRUE,11/6/2023 10:55,"Yes, I want to participate",18,Freshman student,Asian,Woman,Consistently liberal,2747,No,Plastic bottled water,Yes,,Somewhat disagree,Neither agree nor disagree,Strongly agree,Somewhat agree,Strongly agree,3,5,6,2,4,1,7,If there was more accessible information confirming the safer of tape water.,,2-6 glasses per day
TRUE,11/6/2023 11:06,"Yes, I want to participate",22,Master's student,White/Caucasian,Man,Mixed,2121,No,Tap water,Yes,Public Supply,Strongly agree,Somewhat agree,Somewhat agree,Somewhat agree,Somewhat agree,,,,,,,,,,2-6 glasses per day
TRUE,11/6/2023 11:07,"Yes, I want to participate",26,Master's student,White/Caucasian,Man,Mostly liberal,2021,,Plastic bottled water,No,Public Supply,Somewhat disagree,Somewhat disagree,Somewhat agree,Somewhat disagree,Strongly agree,1,2,3,6,4,7,5,"Better Taste, transparency and information on the quality",,7-12 glasses per
TRUE,11/6/2023 11:14,"Yes, I want to participate",25,PhD student,White/Caucasian,Woman,Mostly liberal,2155,No,Plastic bottled water,No,,Strongly agree,Strongly agree,Somewhat agree,Strongly agree,Strongly agree,,,,,,,,,,2-6 glasses per day
TRUE,11/6/2023 11:14,"Yes, I want to participate",36,PhD student,Black or African American,Woman,Mostly liberal,2125,,Tap water,Yes,Public Supply,Somewhat agree,,Somewhat agree,Somewhat disagree,Somewhat disagree,1,4,2,5,6,7,3,Nothing ,Yes,2-6 glasses per day
TRUE,11/6/2023 11:15,"Yes, I want to participate",29,PhD student,White/Caucasian,Woman,Other,2125,Yes,Plastic bottled water,Yes,,Strongly agree,Strongly agree,Strongly agree,Strongly agree,Strongly agree,,,,,,,,,,7-12 glasses per
TRUE,11/6/2023 11:19,"Yes, I want to participate",44,PhD student,White/Caucasian,Man,Value-based views ,2125,No,Plastic bottled water,No,Public Supply,Somewhat agree,Somewhat disagree,Strongly agree,Somewhat disagree,Strongly agree,3,4,2,5,6,7,1,More information about the oh balance and chemical makeup. How does it compare empirically to bottled water especially natural spring water not purified water!   ,,2-6 glasses per day
TRUE,11/6/2023 11:40,"Yes, I want to participate",34,PhD student,Asian,Man,Mostly liberal,2186,No,Tap water,No,Public Supply,Somewhat agree,Somewhat agree,Somewhat agree,Neither agree nor disagree,Neither agree nor disagree,,,,,,,,Health ,Yes,2-6 glasses per day
TRUE,11/6/2023 20:29,"Yes, I want to participate",25,Master's student,Asian,Woman,Mixed,2171,Yes,Tap water,No,Public Supply,Somewhat agree,Strongly agree,Strongly agree,Somewhat agree,Somewhat agree,,,,,,,,,Yes,7-12 glasses per
TRUE,11/6/2023 20:34,"Yes, I want to participate",24,Master's student,Asian,Woman,Prefer not to answer,2116,,Tap water,Yes,Public Supply,Somewhat agree,Somewhat agree,Strongly agree,Somewhat agree,Strongly agree,,,,,,,,An announcement from an official body that it's safe to drink. ,No,7-12 glasses per
TRUE,11/6/2023 20:38,"Yes, I want to participate",25,Master's student,Asian,Woman,Mostly liberal,2125,No,Tap water,Yes,Public Supply,Somewhat agree,Somewhat agree,Somewhat agree,Somewhat agree,Somewhat agree,,,,,,,,"Taste, color",Yes,2-6 glasses per day
TRUE,11/6/2023 20:39,"Yes, I want to participate",24,Other,Black or African American,Transgender woman,Mostly conservative,2125,No,Plastic bottled water,No,Public Supply,Strongly disagree,Strongly disagree,Strongly agree,Neither agree nor disagree,Neither agree nor disagree,,,,,,,,,,13 or more glasses per day
TRUE,11/6/2023 20:42,"Yes, I want to participate",25,Master's student,Asian,Man,Prefer not to answer,2125,No,Tap water,No,Public Supply,Somewhat agree,Somewhat agree,Strongly agree,Somewhat agree,Somewhat agree,1,2,3,4,5,6,7,,Yes,13 or more glasses per day
TRUE,11/6/2023 21:23,"Yes, I want to participate",28,Master's student,Asian,Man,Mixed,2171,Yes,Tap water,Yes,Public Supply,Strongly agree,Strongly agree,Somewhat agree,Strongly agree,Strongly agree,2,3,1,4,5,7,6,,Yes,13 or more glasses per day
TRUE,11/6/2023 21:31,"Yes, I want to participate",21,Senior student,Asian,Man,Mixed,2128,No,Tap water,No,Public Supply,Somewhat agree,Neither agree nor disagree,Neither agree nor disagree,Somewhat agree,Somewhat agree,5,3,1,4,2,7,6,Water filters ,Yes,13 or more glasses per day
TRUE,11/6/2023 21:49,"Yes, I want to participate",27,Master's student,Prefer not to answer,Man,Prefer not to answer,2148,Yes,Tap water,Yes,,Neither agree nor disagree,Neither agree nor disagree,Neither agree nor disagree,Neither agree nor disagree,Neither agree nor disagree,4,7,5,2,1,3,6,,Yes,7-12 glasses per
TRUE,11/6/2023 22:05,"Yes, I want to participate",24,Master's student,Asian,Man,Mixed,2125,No,Tap water,No,Public Supply,Somewhat agree,Somewhat agree,Somewhat agree,Neither agree nor disagree,Somewhat agree,1,2,3,5,6,4,7,,Yes,7-12 glasses per
TRUE,11/7/2023 11:21,"Yes, I want to participate",22,Junior student,Black or African American,Man,Mixed,2125,,Plastic bottled water,No,Public Supply,Somewhat disagree,Strongly disagree,Somewhat agree,Somewhat agree,Somewhat agree,1,7,3,4,6,5,2,Nothing,,7-12 glasses per
TRUE,11/7/2023 11:29,"Yes, I want to participate",20,Sophomore student,White/Caucasian,Woman,Mostly liberal,2125,,Tap water,Yes,Public Supply,Somewhat agree,Somewhat agree,Strongly agree,Somewhat disagree,Strongly agree,,,,,,,,knowing if it’s safe to drink ,Yes,7-12 glasses per
TRUE,11/7/2023 11:30,"Yes, I want to participate",20,Sophomore student,Asian,Woman,Prefer not to answer,2420,Yes,Plastic bottled water,Yes,Public Supply,Somewhat disagree,Strongly disagree,Strongly agree,Neither agree nor disagree,Somewhat agree,1,7,4,2,5,3,6,,,7-12 glasses per
TRUE,11/7/2023 11:32,"Yes, I want to participate",20,Sophomore student,White/Caucasian,Non-binary,Mostly liberal,1835,No,Tap water,No,Public Supply,Strongly agree,Neither agree nor disagree,Somewhat agree,Neither agree nor disagree,Strongly agree,6,4,3,2,5,1,7,,No,Prefer not to answer
TRUE,11/7/2023 11:34,"Yes, I want to participate",19,Freshman student,Black or African American,Man,Mixed,2145,No,Plastic bottled water,Yes,,Somewhat agree,Neither agree nor disagree,Strongly agree,Strongly agree,Strongly agree,2,6,3,4,7,1,5,Taste better ,,2-6 glasses per day
TRUE,11/7/2023 11:34,"Yes, I want to participate",21,Junior student,Hispanic or Latino,Woman,Mostly liberal,2125,Yes,Plastic bottled water,Yes,Public Supply,Somewhat agree,Somewhat agree,Somewhat agree,Somewhat disagree,Neither agree nor disagree,,,,,,,,Knowing it’s regularly getting tested ,,2-6 glasses per day
TRUE,11/7/2023 11:35,"Yes, I want to participate",20,Junior student,Black or African American,Woman,Prefer not to answer,2169,No,Tap water,No,Public Supply,Somewhat agree,,Somewhat agree,,Neither agree nor disagree,,,,,,,,Filteration,Yes,2-6 glasses per day
TRUE,11/7/2023 11:45,"Yes, I want to participate",18,Freshman student,Asian,Woman,Prefer not to answer,2125,No,Plastic bottled water,Yes,Well,Strongly agree,Neither agree nor disagree,Strongly agree,Neither agree nor disagree,Neither agree nor disagree,,,,,,,,Color is clear,,2-6 glasses per day
TRUE,11/7/2023 11:48,"Yes, I want to participate",19,Freshman student,Asian,Man,Mixed,2421,,Plastic bottled water,Yes,,Somewhat agree,Somewhat agree,Strongly agree,Neither agree nor disagree,Neither agree nor disagree,2,1,3,5,6,7,4,,,2-6 glasses per day
TRUE,11/7/2023 11:50,"Yes, I want to participate",19,Sophomore student,Black or African American,Woman,Mostly liberal,2368,No,Glass bottled/canned/boxed water,Yes,,Somewhat agree,Somewhat agree,Strongly agree,Neither agree nor disagree,Neither agree nor disagree,2,1,3,5,7,6,4,Seeing facts ,,2-6 glasses per day
TRUE,11/7/2023 11:50,"Yes, I want to participate",22,Senior student,"White/Caucasian,Hispanic or Latino",Woman,Prefer not to answer,2135,,Tap water,Yes,Public Supply,Neither agree nor disagree,Neither agree nor disagree,Neither agree nor disagree,Strongly disagree,Somewhat disagree,,,,,,,,if i actually knew how ( or if ) it was treated. ,No,2-6 glasses per day
TRUE,11/7/2023 11:50,"Yes, I want to participate",19,Sophomore student,Asian,Man,Mixed,2125,No,Tap water,Yes,Public Supply,Neither agree nor disagree,Somewhat disagree,Somewhat agree,Somewhat agree,Somewhat agree,,,,,,,,,Yes,7-12 glasses per
TRUE,11/7/2023 11:51,"Yes, I want to participate",27,Sophomore student,White/Caucasian,Woman,Mostly liberal,2169,Yes,Tap water,Yes,Public Supply,Somewhat disagree,Somewhat agree,Strongly agree,Strongly disagree,Strongly agree,,,,,,,,,Yes,7-12 glasses per
TRUE,11/7/2023 11:51,"Yes, I want to participate",19,Sophomore student,Asian,Woman,Mixed,2125,No,Plastic bottled water,Yes,Public Supply,Somewhat disagree,Strongly disagree,Strongly agree,Somewhat agree,Neither agree nor disagree,,,,,,,,,,2-6 glasses per day
TRUE,11/7/2023 11:53,"No, I don't want to participate",,,,,,1845,,,,,,,,,,,,,,,,,,,
TRUE,11/7/2023 11:53,"Yes, I want to participate",22,Junior student,White/Caucasian,Woman,Consistently liberal,1833,,Plastic bottled water,Yes,Public Supply,Somewhat agree,Somewhat disagree,Somewhat agree,Strongly disagree,Somewhat agree,1,6,2,3,4,5,7,Officials being transparent about water safety ,,2-6 glasses per day
TRUE,11/7/2023 11:54,"Yes, I want to participate",24,Junior student,Black or African American,Man,Mostly liberal,2062,,Tap water,No,Public Supply,Somewhat agree,Neither agree nor disagree,Somewhat agree,Somewhat agree,Neither agree nor disagree,2,3,1,4,6,5,7,A guarantee that it’s safe,Yes,7-12 glasses per
TRUE,11/7/2023 11:54,"Yes, I want to participate",21,Senior student,White/Caucasian,Woman,Mostly liberal,19073,No,Tap water,Yes,Public Supply,Somewhat agree,Neither agree nor disagree,Strongly agree,Strongly agree,Somewhat agree,1,2,3,6,4,5,7,,Yes,7-12 glasses per
TRUE,11/7/2023 11:54,"Yes, I want to participate",21,Senior student,White/Caucasian,Woman,Mostly liberal,2145,No,Tap water,Yes,Public Supply,Neither agree nor disagree,Somewhat agree,Strongly agree,Somewhat agree,Somewhat agree,5,7,3,4,1,6,2,,Yes,13 or more glasses per day
TRUE,11/7/2023 12:08,"Yes, I want to participate",19,Freshman student,White/Caucasian,Man,Consistently liberal,2184,,Tap water,Yes,Public Supply,Neither agree nor disagree,Neither agree nor disagree,Strongly agree,Neither agree nor disagree,Somewhat agree,3,4,5,1,6,2,7,More communication ,Yes,2-6 glasses per day
TRUE,11/7/2023 12:31,"Yes, I want to participate",20,Freshman student,White/Caucasian,Non-binary,Consistently liberal,2125,Yes,Plastic bottled water,Yes,Public Supply,Somewhat agree,Neither agree nor disagree,Strongly agree,Somewhat agree,Somewhat agree,1,3,2,5,6,4,7,,,Less than 2 glasses per day
TRUE,11/7/2023 12:56,"Yes, I want to participate",18,Freshman student,Hispanic or Latino,Woman,Prefer not to answer,2125,,Plastic bottled water,No,Public Supply,Somewhat disagree,Neither agree nor disagree,Strongly agree,Neither agree nor disagree,Somewhat agree,,,,,,,,i don’t really trust it,,2-6 glasses per day
TRUE,11/7/2023 12:58,"Yes, I want to participate",19,Junior student,Asian,Man,Mixed,2143,No,Tap water,No,,Strongly agree,Strongly agree,Somewhat agree,Strongly agree,Somewhat agree,,,,,,,,,No,7-12 glasses per
TRUE,11/7/2023 12:58,"Yes, I want to participate",25,Junior student,Prefer not to answer,Non-binary,Other,1519,Yes,Tap water,Yes,Public Supply,Somewhat disagree,Somewhat disagree,Strongly disagree,Neither agree nor disagree,Neither agree nor disagree,,,,,,,,,Yes,2-6 glasses per day
TRUE,11/7/2023 12:58,"Yes, I want to participate",18,Sophomore student,Black or African American,Woman,Prefer not to answer,2145,No,Tap water,Yes,,Somewhat agree,Somewhat agree,Strongly agree,Neither agree nor disagree,Strongly agree,,,,,,,,Heavy filtering ,Yes,2-6 glasses per day
TRUE,11/7/2023 12:59,"Yes, I want to participate",20,Junior student,White/Caucasian,Woman,Consistently liberal,2125,No,Glass bottled/canned/boxed water,No,Well,Somewhat agree,Somewhat disagree,Neither agree nor disagree,Somewhat disagree,Strongly agree,3,4,1,6,2,5,7,knowing that it’s impact was environmentally sound and that it is healthy for me,,Less than 2 glasses per day
TRUE,11/7/2023 13:03,"Yes, I want to participate",25,PhD student,Black or African American,Woman,Other,2171,,Plastic bottled water,Yes,,Strongly agree,Strongly disagree,Strongly agree,Neither agree nor disagree,Strongly agree,3,6,1,4,7,5,2,Transparency from government organizations ,,7-12 glasses per
TRUE,11/7/2023 13:03,"Yes, I want to participate",26,PhD student,White/Caucasian,Woman,Mostly liberal,2141,,Tap water,Yes,Public Supply,Somewhat agree,Somewhat disagree,Somewhat agree,Neither agree nor disagree,Strongly agree,2,4,1,5,6,7,3,If it was filtered and certified,Yes,13 or more glasses per day
TRUE,11/7/2023 13:05,"Yes, I want to participate",18,Freshman student,Hispanic or Latino,Woman,Consistently liberal,2184,,Tap water,Yes,Public Supply,Somewhat agree,Neither agree nor disagree,Somewhat agree,Somewhat disagree,Somewhat agree,,,,,,,,Not sure ,Yes,2-6 glasses per day
TRUE,11/7/2023 13:05,"Yes, I want to participate",22,Junior student,White/Caucasian,Man,Mixed,2021,,Tap water,Yes,Public Supply,Somewhat agree,Strongly agree,Neither agree nor disagree,Somewhat disagree,Strongly agree,1,6,5,2,4,3,7,Understanding the plumbing in an apartment/city,Yes,7-12 glasses per
TRUE,11/7/2023 13:06,"Yes, I want to participate",29,Senior student,White/Caucasian,Woman,Consistently liberal,2148,No,Plastic bottled water,No,Public Supply,Strongly agree,Strongly disagree,Neither agree nor disagree,Somewhat agree,Strongly agree,3,2,1,5,4,6,7,More filters more information on the water supply ,,2-6 glasses per day
TRUE,11/7/2023 13:07,"Yes, I want to participate",19,Sophomore student,Black or African American,Woman,leftist,2382,,Plastic bottled water,No,Public Supply,Somewhat disagree,Neither agree nor disagree,Somewhat agree,Strongly disagree,Strongly agree,1,6,2,3,5,4,7,if it tasted better,,7-12 glasses per
TRUE,11/7/2023 13:07,"Yes, I want to participate",35,PhD student,Prefer not to answer,Woman,Mixed,2134,No,Tap water,No,Public Supply,Somewhat agree,Somewhat agree,Strongly disagree,Neither agree nor disagree,Neither agree nor disagree,,,,,,,,Constant analytical analysis,No,2-6 glasses per day
TRUE,11/7/2023 13:07,"Yes, I want to participate",31,Master's student,Hispanic or Latino,Man,Consistently liberal,2062,No,Tap water,No,Public Supply,Somewhat agree,Somewhat agree,Somewhat disagree,Neither agree nor disagree,Neither agree nor disagree,5,7,1,4,2,3,6,Testing ph and minerals content by myself,Yes,7-12 glasses per
TRUE,11/7/2023 13:07,"Yes, I want to participate",19,Sophomore student,Black or African American,Woman,Mostly liberal,2333,Yes,Plastic bottled water,No,Public Supply,Somewhat agree,Neither agree nor disagree,Somewhat disagree,Neither agree nor disagree,Strongly agree,,,,,,,,,,7-12 glasses per
TRUE,11/7/2023 13:08,"Yes, I want to participate",18,Freshman student,"White/Caucasian,Hispanic or Latino",Woman,Mostly liberal,2125,,Plastic bottled water,Yes,Public Supply,Strongly agree,Strongly agree,Strongly agree,Somewhat agree,Somewhat agree,3,7,2,5,4,1,6,Research papers from outside/nonbiased sources reporting on the quality ,,2-6 glasses per day
TRUE,11/7/2023 13:08,"Yes, I want to participate",19,Sophomore student,Black or African American,Woman,Consistently liberal,2125,,Plastic bottled water,No,Well,Neither agree nor disagree,Neither agree nor disagree,Somewhat agree,Somewhat agree,Somewhat agree,1,6,2,3,7,5,4,If I read information on it,,2-6 glasses per day
TRUE,11/7/2023 13:09,"Yes, I want to participate",23,Senior student,Asian,Woman,Mixed,2142,Yes,Tap water,Yes,Public Supply,Somewhat agree,Somewhat agree,Somewhat agree,Neither agree nor disagree,Strongly agree,5,4,3,1,6,2,7,Cause of society norm,Yes,2-6 glasses per day
TRUE,11/7/2023 13:10,"Yes, I want to participate",20,Junior student,White/Caucasian,Woman,Mostly liberal,2169,No,Tap water,Yes,,Strongly agree,Somewhat agree,Somewhat agree,Neither agree nor disagree,Somewhat agree,7,4,3,5,2,6,1,If I knew exactly where the water was coming from and how it was purified. ,Yes,2-6 glasses per day
TRUE,11/7/2023 13:10,"Yes, I want to participate",27,PhD student,Asian,Man,Mostly liberal,2132,,Tap water,Yes,,Strongly agree,Strongly agree,Neither agree nor disagree,Strongly agree,Neither agree nor disagree,5,1,4,2,7,3,6,More conclusive data on harms of contaminants,No,7-12 glasses per
TRUE,11/7/2023 13:12,"Yes, I want to participate",36,PhD student,,Woman,Mostly liberal,2125,No,Tap water,Yes,Public Supply,Somewhat agree,Somewhat agree,Neither agree nor disagree,Somewhat disagree,Somewhat agree,,,,,,,,,Yes,2-6 glasses per day
TRUE,11/7/2023 13:14,"Yes, I want to participate",30,PhD student,Asian,Man,Democratic ,2118,No,Plastic bottled water,No,Well,Strongly disagree,Somewhat agree,Somewhat agree,Neither agree nor disagree,Somewhat disagree,5,6,1,7,3,4,2,,,7-12 glasses per
TRUE,11/7/2023 13:15,"Yes, I want to participate",19,Sophomore student,Black or African American,Woman,Mostly liberal,2151,,Plastic bottled water,No,Well,Somewhat agree,Somewhat agree,Strongly agree,Somewhat agree,Somewhat agree,1,5,7,4,6,2,3,Make sure there’s healthy Montreal’s ,,7-12 glasses per
TRUE,11/7/2023 13:19,"Yes, I want to participate",20,Junior student,White/Caucasian,Genderfluid,Consistently liberal,2072,,Tap water,Yes,Public Supply,Somewhat agree,Somewhat agree,Strongly agree,Neither agree nor disagree,Somewhat agree,6,1,2,3,5,4,7,,Yes,Less than 2 glasses per day
TRUE,11/7/2023 13:21,"Yes, I want to participate",36,Other,"Asian,White/Caucasian",Non-binary,Mostly liberal,2150,,Tap water,Yes,Public Supply,Somewhat agree,Somewhat disagree,Somewhat agree,Neither agree nor disagree,Somewhat agree,1,7,3,4,2,5,6,I have always filtered my tap water. It’s a habit now.,Yes,Less than 2 glasses per day
TRUE,11/7/2023 13:22,"Yes, I want to participate",26,Senior student,Hispanic or Latino,Man,Mixed,2121,Yes,Prefer not to answer,Yes,Public Supply,Strongly disagree,Neither agree nor disagree,Somewhat disagree,Neither agree nor disagree,Strongly agree,,,,,,,,Yearly results of water treatment,,
TRUE,11/7/2023 13:24,"Yes, I want to participate",25,Senior student,Black or African American,Man,Mixed,2189,No,Plastic bottled water,No,Public Supply,Somewhat agree,Strongly agree,Somewhat agree,Strongly agree,Strongly agree,,,,,,,,,,2-6 glasses per day
TRUE,11/7/2023 13:29,"Yes, I want to participate",20,Junior student,Asian,Man,Mixed,2132,No,Plastic bottled water,No,Public Supply,Neither agree nor disagree,Neither agree nor disagree,Neither agree nor disagree,Neither agree nor disagree,Neither agree nor disagree,,,,,,,,,,13 or more glasses per day
TRUE,11/7/2023 13:30,"Yes, I want to participate",22,Senior student,"White/Caucasian,Hispanic or Latino",Woman,Consistently liberal,2143,Yes,Tap water,No,,Somewhat disagree,Somewhat agree,Somewhat agree,Somewhat disagree,Neither agree nor disagree,7,3,4,1,6,2,5,,Yes,Less than 2 glasses per day
TRUE,11/7/2023 13:31,"Yes, I want to participate",22,Junior student,White/Caucasian,Man,Mostly liberal,2184,No,Tap water,Yes,Public Supply,Somewhat agree,Strongly agree,Somewhat agree,Somewhat agree,Strongly agree,3,2,1,7,4,5,6,Knowing the origin / statistics,Yes,2-6 glasses per day
TRUE,11/7/2023 13:31,"Yes, I want to participate",19,Sophomore student,White/Caucasian,Woman,Mostly liberal,2121,,Glass bottled/canned/boxed water,Yes,Public Supply,Somewhat agree,Somewhat agree,Neither agree nor disagree,Somewhat disagree,Neither agree nor disagree,,,,,,,,N/A already trust ,,7-12 glasses per
TRUE,11/7/2023 13:31,"Yes, I want to participate",21,Senior student,White/Caucasian,Woman,Mostly liberal,2125,,Tap water,Yes,Public Supply,Somewhat disagree,Somewhat agree,Strongly agree,Neither agree nor disagree,Somewhat agree,7,5,1,4,6,3,2,,Yes,2-6 glasses per day
TRUE,11/7/2023 13:32,"Yes, I want to participate",22,Junior student,White/Caucasian,Genderfluid,Consistently liberal,2176,Yes,Tap water,Yes,Public Supply,Somewhat agree,Somewhat agree,Strongly disagree,Strongly disagree,Somewhat disagree,,,,,,,,reliable filters installed and advertised on fountains/taps ,Yes,2-6 glasses per day
TRUE,11/7/2023 13:32,"Yes, I want to participate",28,Senior student,White/Caucasian,Woman,Consistently liberal,2148,No,Tap water,Yes,Public Supply,Somewhat agree,Neither agree nor disagree,Somewhat agree,Somewhat agree,Somewhat agree,2,1,3,4,7,6,5,Evidence that it is non contaminated ,No,2-6 glasses per day
TRUE,11/7/2023 13:32,"Yes, I want to participate",21,Senior student,White/Caucasian,Man,Mostly liberal,2472,Yes,Plastic bottled water,Yes,Public Supply,Somewhat disagree,Somewhat agree,Somewhat agree,Somewhat disagree,Strongly agree,4,3,1,7,6,5,2,Better filtering systems ,,7-12 glasses per
TRUE,11/7/2023 13:32,"Yes, I want to participate",20,Sophomore student,Black or African American,Man,Other,1430,,Glass bottled/canned/boxed water,Yes,,Neither agree nor disagree,Neither agree nor disagree,Somewhat agree,Somewhat disagree,Somewhat agree,1,2,3,4,5,6,7,,,2-6 glasses per day
TRUE,11/7/2023 13:32,"Yes, I want to participate",20,Sophomore student,Black or African American,Man,Prefer not to answer,2148,No,Plastic bottled water,Yes,Public Supply,Somewhat disagree,Somewhat disagree,Strongly agree,Somewhat disagree,Strongly agree,1,2,3,4,5,6,7,,,Less than 2 glasses per day
TRUE,11/7/2023 13:32,"Yes, I want to participate",23,Junior student,White/Caucasian,Man,Mostly liberal,2038,No,Tap water,No,Public Supply,Somewhat agree,Strongly agree,Strongly agree,Somewhat agree,Strongly agree,6,1,3,2,5,4,7,Public metrics vs bottled water or other sources of water ,No,7-12 glasses per
TRUE,11/7/2023 13:33,"Yes, I want to participate",22,Senior student,Black or African American,Woman,Prefer not to answer,2125,,Plastic bottled water,Yes,Public Supply,Strongly disagree,Strongly disagree,Neither agree nor disagree,Strongly disagree,Strongly agree,,,,,,,,Knowing where the water is coming from,,2-6 glasses per day
TRUE,11/7/2023 13:33,"Yes, I want to participate",,Sophomore student,,Prefer not to answer,Mixed,2125,,Plastic bottled water,No,,Strongly agree,Strongly agree,Neither agree nor disagree,Neither agree nor disagree,Strongly disagree,,,,,,,,,,7-12 glasses per
TRUE,11/7/2023 13:33,"Yes, I want to participate",18,Freshman student,Hispanic or Latino,Man,Prefer not to answer,2122,No,Tap water,Yes,Well,Strongly agree,Somewhat agree,Strongly agree,Strongly agree,Strongly agree,3,4,6,5,7,1,2,More actual recordings on it,No,2-6 glasses per day
TRUE,11/7/2023 13:33,"Yes, I want to participate",26,Prefer not to answer,Asian,Man,Prefer not to answer,2124,,Tap water,Yes,,Neither agree nor disagree,Neither agree nor disagree,Neither agree nor disagree,Neither agree nor disagree,Neither agree nor disagree,,,,,,,,Maybe ,Yes,2-6 glasses per day
TRUE,11/7/2023 13:33,"Yes, I want to participate",20,Junior student,White/Caucasian,Non-binary,Mostly liberal,2171,No,Plastic bottled water,Yes,Public Supply,Strongly agree,Somewhat agree,Strongly agree,Neither agree nor disagree,Strongly agree,3,1,2,7,5,6,4,more filters in public supply,,7-12 glasses per
TRUE,11/7/2023 13:33,"Yes, I want to participate",21,Senior student,Asian,Woman,Mostly liberal,2150,No,Tap water,Yes,Public Supply,Somewhat agree,Somewhat agree,Somewhat disagree,Somewhat agree,Strongly agree,,,,,,,,,No,2-6 glasses per day
TRUE,11/7/2023 13:34,"Yes, I want to participate",21,Senior student,"White/Caucasian,Hispanic or Latino",Man,Mostly liberal,2135,No,Plastic bottled water,Yes,Public Supply,Somewhat agree,Somewhat agree,Strongly agree,Strongly agree,Somewhat agree,1,7,4,6,3,2,5,,,2-6 glasses per day
TRUE,11/7/2023 13:34,"Yes, I want to participate",21,Senior student,Hispanic or Latino,Woman,Consistently liberal,Zip Code,No,Plastic bottled water,Yes,Public Supply,Strongly agree,Somewhat agree,Somewhat agree,Neither agree nor disagree,Somewhat agree,1,2,3,4,5,6,7,if we know where it’s coming from exactly and be able to rely on whose telling us as well,,2-6 glasses per day
TRUE,11/7/2023 13:35,"Yes, I want to participate",19,Freshman student,White/Caucasian,Woman,Mixed,Zip Code,,Tap water,Yes,Public Supply,Somewhat disagree,Strongly agree,Strongly agree,Strongly disagree,Somewhat agree,2,1,3,4,7,5,6,If it tasted like purified water ,Yes,7-12 glasses per
TRUE,11/7/2023 13:35,"Yes, I want to participate",23,Junior student,Asian,Man,Mostly liberal,Zip Code,,Tap water,Yes,Public Supply,Somewhat agree,Somewhat agree,Somewhat agree,Somewhat agree,Somewhat agree,,,,,,,,Awareness of where the water is coming from and how it’s filtered ,Yes,2-6 glasses per day
TRUE,11/7/2023 13:35,"Yes, I want to participate",22,Senior student,"White/Caucasian,Hispanic or Latino",Man,Mostly liberal,Prefer not to answer,No,Plastic bottled water,Yes,Public Supply,Strongly agree,Neither agree nor disagree,Strongly agree,Neither agree nor disagree,Strongly agree,,,,,,,,If it were ph tested on a weekly basis ,,2-6 glasses per day
TRUE,11/7/2023 13:35,"Yes, I want to participate",20,Junior student,"Black or African American,White/Caucasian",Man,Leftist ,Zip Code,Yes,Tap water,Yes,Public Supply,Somewhat agree,Somewhat agree,Strongly disagree,Strongly disagree,Strongly agree,3,2,1,5,7,4,6,Campaigns to swap out entire drinking water piping systems. The prevalence of lead in our drinking pipes historically has forever altered my trust ,Yes,7-12 glasses per
TRUE,11/7/2023 13:35,"Yes, I want to participate",19,Freshman student,Asian,Woman,Prefer not to answer,Prefer not to answer,No,Tap water,Yes,,Strongly agree,Somewhat agree,Strongly agree,Somewhat agree,Somewhat agree,,,,,,,,,Yes,7-12 glasses per
TRUE,11/7/2023 13:35,"Yes, I want to participate",19,Sophomore student,Asian,Woman,Mostly liberal,Prefer not to answer,No,Plastic bottled water,No,Public Supply,Somewhat agree,Neither agree nor disagree,Strongly agree,Somewhat agree,Neither agree nor disagree,4,6,2,5,3,7,1,a filter ,,Less than 2 glasses per day
TRUE,11/7/2023 13:35,"Yes, I want to participate",18,Freshman student,Black or African American,Man,Mostly liberal,Zip Code,,Tap water,Yes,Public Supply,Strongly agree,Neither agree nor disagree,Somewhat agree,Somewhat disagree,Somewhat agree,3,1,2,7,5,6,4,if more information was given on the safety of tap water in my area,No,2-6 glasses per day
TRUE,11/7/2023 13:35,"Yes, I want to participate",33,Senior student,White/Caucasian,Woman,Consistently liberal,Zip Code,Yes,Plastic bottled water,Yes,Well,Somewhat disagree,Strongly agree,Somewhat agree,Somewhat disagree,Strongly agree,,,,,,,,Stricter water laws,,7-12 glasses per
TRUE,11/7/2023 13:35,"Yes, I want to participate",21,Freshman student,White/Caucasian,Man,Mostly conservative,,,Tap water,Yes,Public Supply,Strongly agree,Strongly agree,Strongly agree,Strongly agree,Strongly agree,5,6,3,1,7,2,4,,Yes,7-12 glasses per
TRUE,11/7/2023 13:36,"Yes, I want to participate",20,Junior student,White/Caucasian,Woman,Consistently liberal,Zip Code,No,Tap water,Yes,Public Supply,Strongly agree,Somewhat agree,Neither agree nor disagree,Strongly agree,Somewhat disagree,1,6,3,4,2,5,7,,Yes,7-12 glasses per
TRUE,11/7/2023 13:36,"Yes, I want to participate",19,Freshman student,White/Caucasian,Woman,Mostly liberal,Zip Code,No,Tap water,Yes,,Strongly agree,Strongly agree,Strongly agree,Somewhat agree,Somewhat agree,3,5,1,2,6,7,4,,Yes,7-12 glasses per
TRUE,11/7/2023 13:36,"Yes, I want to participate",19,Sophomore student,Asian,Woman,Prefer not to answer,Prefer not to answer,,Plastic bottled water,Yes,,Strongly disagree,Strongly disagree,Somewhat agree,Neither agree nor disagree,Strongly agree,2,3,4,6,7,5,1,accurate testing of water ,,2-6 glasses per day
TRUE,11/7/2023 13:36,"Yes, I want to participate",26,Junior student,White/Caucasian,Woman,Consistently liberal,Zip Code,Yes,Tap water,Yes,Public Supply,Somewhat agree,Somewhat agree,Somewhat agree,Somewhat disagree,Somewhat agree,5,1,2,6,4,7,3,Knowing the quality of the pipes and what’s added to the water ,Yes,13 or more glasses per day
TRUE,11/7/2023 13:37,"Yes, I want to participate",18,Freshman student,Asian,Woman,Prefer not to answer,Zip Code,No,Plastic bottled water,Yes,,Neither agree nor disagree,Neither agree nor disagree,Strongly agree,Neither agree nor disagree,Neither agree nor disagree,,,,,,,,,,2-6 glasses per day
TRUE,11/7/2023 13:37,"Yes, I want to participate",18,Freshman student,"White/Caucasian,Hispanic or Latino",Woman,Prefer not to answer,Prefer not to answer,,Plastic bottled water,No,,Strongly disagree,Strongly disagree,Strongly agree,Neither agree nor disagree,Strongly agree,2,4,1,3,5,6,7,n/A,,2-6 glasses per day
TRUE,11/7/2023 13:37,"Yes, I want to participate",19,Freshman student,White/Caucasian,Woman,Mixed,Zip Code,Yes,Plastic bottled water,Yes,Well,Somewhat disagree,Neither agree nor disagree,Somewhat agree,Somewhat agree,Neither agree nor disagree,4,5,3,2,6,7,1,Information ,,7-12 glasses per
TRUE,11/7/2023 13:37,"Yes, I want to participate",18,Freshman student,White/Caucasian,Woman,Mostly liberal,Zip Code,Yes,Glass bottled/canned/boxed water,Yes,Public Supply,Somewhat disagree,Strongly disagree,Somewhat agree,Neither agree nor disagree,Strongly agree,1,2,4,6,5,3,7,Filters. ,,7-12 glasses per
TRUE,11/7/2023 13:37,"Yes, I want to participate",18,Freshman student,White/Caucasian,Woman,Mostly liberal,,Yes,Plastic bottled water,No,,Somewhat agree,Strongly disagree,Somewhat agree,Somewhat agree,Strongly agree,3,7,5,1,2,4,6,idk,,2-6 glasses per day
TRUE,11/7/2023 13:37,"Yes, I want to participate",21,Junior student,White/Caucasian,Woman,Consistently liberal,Zip Code,No,Plastic bottled water,Yes,Public Supply,Somewhat agree,Neither agree nor disagree,Strongly agree,Neither agree nor disagree,Strongly agree,3,4,1,5,6,7,2,If there were zero risk of lead poisoning from the pipes,,2-6 glasses per day
TRUE,11/7/2023 13:38,"Yes, I want to participate",30,Senior student,White/Caucasian,Man,Consistently liberal,Zip Code,Yes,Tap water,Yes,Public Supply,Somewhat agree,Strongly agree,Strongly agree,Somewhat agree,Neither agree nor disagree,,,,,,,,Monthly reports,Yes,2-6 glasses per day
TRUE,11/7/2023 13:38,"Yes, I want to participate",40,Master's student,Asian,Man,Mostly conservative,Zip Code,No,Tap water,Yes,Public Supply,Somewhat agree,Neither agree nor disagree,Somewhat agree,Somewhat agree,Neither agree nor disagree,1,7,4,2,5,6,3,,Yes,2-6 glasses per day
TRUE,11/7/2023 13:39,"Yes, I want to participate",18,Sophomore student,White/Caucasian,Man,Mixed,,No,Tap water,Yes,Well,Somewhat agree,Somewhat agree,Somewhat agree,Neither agree nor disagree,Somewhat disagree,2,3,1,7,5,4,6,Knowing more about the quality and process the water takes before it reaches my house,,7-12 glasses per
TRUE,11/7/2023 13:39,"Yes, I want to participate",21,Senior student,White/Caucasian,Woman,Mostly liberal,Zip Code,No,Tap water,Yes,,Somewhat agree,Strongly disagree,Strongly agree,Somewhat agree,Somewhat agree,3,1,4,2,6,7,5,,Yes,2-6 glasses per day
TRUE,11/7/2023 13:39,"Yes, I want to participate",20,Sophomore student,Asian,Woman,Mostly liberal,Zip Code,No,Tap water,Yes,Public Supply,Neither agree nor disagree,Somewhat disagree,Somewhat disagree,Neither agree nor disagree,Neither agree nor disagree,,,,,,,,,Yes,2-6 glasses per day
TRUE,11/7/2023 13:40,"Yes, I want to participate",34,Master's student,"White/Caucasian,Hispanic or Latino",Man,Mixed,Zip Code,,Tap water,No,Public Supply,Strongly agree,Strongly agree,Strongly agree,Somewhat agree,Somewhat disagree,2,5,3,1,7,4,6,Brita,No,7-12 glasses per
TRUE,11/7/2023 13:40,"Yes, I want to participate",20,Junior student,Black or African American,Woman,Mixed,Zip Code,,Plastic bottled water,No,Well,Somewhat disagree,Strongly disagree,Somewhat disagree,Strongly disagree,Somewhat agree,4,2,3,6,5,7,1,if we were provided with proper water filters for all sinks in the home including the filter for the showers ,,Less than 2 glasses per day
TRUE,11/7/2023 13:40,"Yes, I want to participate",18,Freshman student,Asian,Transgender man,Prefer not to answer,Prefer not to answer,No,Glass bottled/canned/boxed water,Yes,Public Supply,Somewhat agree,Somewhat agree,Strongly agree,Somewhat disagree,Strongly agree,,,,,,,,,,7-12 glasses per
TRUE,11/7/2023 13:40,"Yes, I want to participate",19,Sophomore student,Asian,Woman,Mostly liberal,Prefer not to answer,No,Plastic bottled water,No,,Strongly agree,Neither agree nor disagree,Somewhat agree,Neither agree nor disagree,Neither agree nor disagree,2,1,5,3,6,4,7,Filtering it,,2-6 glasses per day
TRUE,11/7/2023 13:40,"Yes, I want to participate",20,Junior student,White/Caucasian,Woman,Prefer not to answer,Prefer not to answer,,Plastic bottled water,No,Well,Somewhat disagree,Somewhat disagree,Strongly agree,Neither agree nor disagree,Somewhat disagree,,,,,,,,More information on it ,,2-6 glasses per day
TRUE,11/7/2023 13:40,"Yes, I want to participate",20,Junior student,White/Caucasian,Man,Mostly liberal,Zip Code,No,Tap water,Yes,,Somewhat agree,Somewhat agree,Strongly agree,Somewhat agree,Somewhat disagree,2,5,3,4,6,7,1,,No,7-12 glasses per
TRUE,11/7/2023 13:40,"Yes, I want to participate",18,Freshman student,"White/Caucasian,Hispanic or Latino",Woman,Prefer not to answer,Prefer not to answer,No,Tap water,Yes,Public Supply,Somewhat agree,Somewhat disagree,Strongly agree,Somewhat agree,Somewhat agree,3,2,1,4,6,5,7,,Yes,2-6 glasses per day
TRUE,11/7/2023 13:40,"Yes, I want to participate",19,Sophomore student,White/Caucasian,Man,Mixed,Prefer not to answer,No,Plastic bottled water,Yes,Public Supply,Somewhat agree,Somewhat disagree,Somewhat agree,Somewhat agree,Strongly agree,,,,,,,,Knowing where it came from and how it got to my tap,,2-6 glasses per day
TRUE,11/7/2023 13:41,"Yes, I want to participate",39,Other,White/Caucasian,Man,Mostly liberal,Prefer not to answer,Yes,Tap water,No,Public Supply,Somewhat disagree,Strongly disagree,Somewhat disagree,Strongly disagree,Somewhat agree,3,2,4,6,7,1,5,More community engagement.,Yes,2-6 glasses per day
TRUE,11/7/2023 13:41,"Yes, I want to participate",21,Junior student,Hispanic or Latino,Non-binary,Consistently liberal,Prefer not to answer,Yes,Plastic bottled water,Yes,Public Supply,Neither agree nor disagree,Somewhat agree,Neither agree nor disagree,Strongly disagree,Strongly agree,,,,,,,,Knowing what’s in the water ,,2-6 glasses per day
TRUE,11/7/2023 13:41,"Yes, I want to participate",21,Senior student,"White/Caucasian,Hispanic or Latino",Woman,Mostly liberal,Zip Code,No,Plastic bottled water,Yes,Public Supply,Somewhat agree,Somewhat disagree,Somewhat agree,Somewhat disagree,Somewhat agree,6,7,4,5,2,3,1,Knowing exactly where it came from and how it got to my tal,,2-6 glasses per day
TRUE,11/7/2023 13:42,"Yes, I want to participate",22,Sophomore student,Black or African American,Woman,Prefer not to answer,Prefer not to answer,,Plastic bottled water,No,,Somewhat agree,Neither agree nor disagree,Strongly agree,Somewhat disagree,Neither agree nor disagree,3,1,2,6,5,4,7,,,2-6 glasses per day
TRUE,11/7/2023 13:42,"Yes, I want to participate",18,Sophomore student,White/Caucasian,Woman,Mostly liberal,Zip Code,No,Tap water,Yes,Public Supply,Strongly agree,Somewhat agree,Strongly agree,Somewhat agree,Neither agree nor disagree,1,6,3,5,4,2,7,My brita filter ,Yes,Less than 2 glasses per day
TRUE,11/7/2023 13:46,"No, I don't want to participate",,,,,,,,,,,,,,,,,,,,,,,,,
TRUE,11/7/2023 13:47,"Yes, I want to participate",23,Senior student,Black or African American,Non-binary,Consistently liberal,Zip Code,,Plastic bottled water,Yes,,Strongly agree,Neither agree nor disagree,Somewhat disagree,Strongly agree,Somewhat disagree,4,7,1,6,3,5,2,Learning about my current home's pipe system and filtering equipment. The place is very old.,,Less than 2 glasses per day
TRUE,11/7/2023 13:48,"Yes, I want to participate",18,Freshman student,Black or African American,Woman,Mostly conservative,Prefer not to answer,No,Plastic bottled water,No,Public Supply,Strongly agree,Strongly agree,Somewhat disagree,Neither agree nor disagree,,,,,,,,,,,2-6 glasses per day
TRUE,11/7/2023 13:48,,29,Master's student,Asian,Woman,Prefer not to answer,Prefer not to answer,No,Tap water,Yes,Public Supply,Somewhat agree,Somewhat agree,Somewhat agree,Strongly disagree,Somewhat agree,,,,,,,,,Yes,2-6 glasses per day
TRUE,11/7/2023 13:48,"Yes, I want to participate",19,Sophomore student,White/Caucasian,Man,Mostly liberal,Zip Code,No,Plastic bottled water,No,Public Supply,Somewhat agree,Somewhat agree,Strongly agree,Somewhat disagree,Somewhat agree,2,6,1,3,5,7,4,More transparency with government ,,7-12 glasses per
TRUE,11/7/2023 13:48,"Yes, I want to participate",22,Senior student,"White/Caucasian,Hispanic or Latino",Woman,Mostly liberal,Zip Code,,Plastic bottled water,Yes,Public Supply,Neither agree nor disagree,Neither agree nor disagree,Somewhat agree,Neither agree nor disagree,Neither agree nor disagree,,,,,,,,,,7-12 glasses per
TRUE,11/7/2023 13:49,"Yes, I want to participate",23,Junior student,Asian,Man,Prefer not to answer,Prefer not to answer,No,Tap water,No,,Somewhat agree,Neither agree nor disagree,Somewhat agree,Neither agree nor disagree,Somewhat agree,1,2,3,4,5,6,7,Public data,Yes,2-6 glasses per day
TRUE,11/7/2023 13:49,"Yes, I want to participate",19,Freshman student,Black or African American,Woman,Mostly liberal,Prefer not to answer,No,Plastic bottled water,Yes,Well,Strongly agree,Strongly agree,Strongly agree,Strongly agree,Strongly agree,,,,,,,,,,2-6 glasses per day
TRUE,11/7/2023 13:49,"Yes, I want to participate",21,Freshman student,Asian,Woman,Mostly conservative,Zip Code,Yes,Tap water,Yes,Public Supply,Neither agree nor disagree,Somewhat agree,Somewhat agree,Strongly disagree,Strongly agree,,,,,,,,color,No,2-6 glasses per day
TRUE,11/7/2023 13:49,"Yes, I want to participate",21,Junior student,White/Caucasian,Woman,Mostly liberal,Prefer not to answer,No,Plastic bottled water,No,Public Supply,Somewhat agree,Neither agree nor disagree,Strongly agree,Neither agree nor disagree,Somewhat disagree,7,2,3,5,6,4,1,Constant reminders to build my trust.,,Less than 2 glasses per day
TRUE,11/7/2023 13:49,"Yes, I want to participate",19,Sophomore student,Black or African American,Woman,Mixed,Prefer not to answer,No,Plastic bottled water,No,,Neither agree nor disagree,Somewhat disagree,Strongly agree,Neither agree nor disagree,Neither agree nor disagree,,,,,,,,,,2-6 glasses per day
TRUE,11/7/2023 13:49,"Yes, I want to participate",24,Master's student,Asian,Man,Prefer not to answer,Prefer not to answer,No,Tap water,No,Public Supply,Strongly agree,Somewhat agree,Somewhat disagree,Neither agree nor disagree,Neither agree nor disagree,4,3,2,6,5,7,1,People’s opinion ,No,2-6 glasses per day
TRUE,11/7/2023 13:49,"Yes, I want to participate",20,Senior student,Asian,Man,Mostly liberal,Prefer not to answer,No,Plastic bottled water,Yes,Public Supply,Neither agree nor disagree,Somewhat agree,Strongly agree,Strongly agree,Strongly agree,,,,,,,,,,7-12 glasses per
TRUE,11/7/2023 13:49,"Yes, I want to participate",24,Master's student,Asian,Woman,Prefer not to answer,Prefer not to answer,No,Tap water,Yes,Public Supply,Strongly agree,Neither agree nor disagree,Strongly disagree,Somewhat disagree,Strongly agree,,,,,,,,,No,2-6 glasses per day
TRUE,11/7/2023 13:49,"Yes, I want to participate",18,Freshman student,White/Caucasian,Woman,Mixed,Zip Code,,Plastic bottled water,Yes,Public Supply,Strongly disagree,Strongly disagree,Strongly agree,Neither agree nor disagree,Strongly agree,2,7,1,6,4,3,5,consistently updated scientific data on the quality of tap water as well as confirmed knowledge that taps are being cleaned/changed regularly ,,7-12 glasses per
TRUE,11/7/2023 13:49,"Yes, I want to participate",19,Freshman student,White/Caucasian,Prefer not to answer,Prefer not to answer,Prefer not to answer,No,Tap water,Yes,Public Supply,Strongly agree,Neither agree nor disagree,Somewhat agree,Neither agree nor disagree,Somewhat disagree,3,2,1,4,5,6,7,,Yes,2-6 glasses per day
TRUE,11/7/2023 13:49,"Yes, I want to participate",24,Senior student,Prefer not to answer,Woman,Prefer not to answer,Zip Code,No,Tap water,Yes,Well,Strongly agree,Strongly agree,Somewhat disagree,Somewhat agree,Strongly agree,,,,,,,,,No,2-6 glasses per day
TRUE,11/7/2023 13:49,"Yes, I want to participate",25,Other,Asian,Man,Mostly liberal,Zip Code,,Tap water,Yes,,Strongly agree,Neither agree nor disagree,Strongly agree,Neither agree nor disagree,Strongly agree,,,,,,,,filtering and safety regulations,Yes,2-6 glasses per day
TRUE,11/7/2023 13:50,"Yes, I want to participate",19,Freshman student,White/Caucasian,Man,Consistently liberal,Zip Code,No,Tap water,Yes,,Strongly agree,Neither agree nor disagree,Somewhat agree,Strongly agree,Neither agree nor disagree,,,,,,,,Using one of those filter things that you put on the tap.,Yes,2-6 glasses per day
TRUE,11/7/2023 13:50,"Yes, I want to participate",23,Master's student,Asian,Man,Mixed,Zip Code,,Plastic bottled water,Yes,Public Supply,Somewhat agree,Somewhat agree,Somewhat agree,Somewhat agree,Somewhat agree,,,,,,,,,,7-12 glasses per
TRUE,11/7/2023 13:50,"Yes, I want to participate",19,Freshman student,Black or African American,Woman,Prefer not to answer,Zip Code,No,Plastic bottled water,Yes,Public Supply,,,,,,1,2,3,5,6,7,4,,,2-6 glasses per day
TRUE,11/7/2023 13:50,"Yes, I want to participate",22,Other,Hispanic or Latino,Woman,Consistently liberal,Zip Code,No,Glass bottled/canned/boxed water,Yes,,Somewhat agree,Somewhat agree,Somewhat agree,Neither agree nor disagree,Somewhat agree,5,4,6,3,7,2,1,I don’t know ,,7-12 glasses per
TRUE,11/7/2023 13:51,"Yes, I want to participate",23,Junior student,Prefer not to answer,Man,Consistently conservative,Zip Code,No,Plastic bottled water,Yes,Public Supply,Somewhat agree,Strongly agree,Somewhat disagree,Strongly agree,Strongly agree,1,3,2,7,5,4,6,Idk ,,7-12 glasses per
TRUE,11/7/2023 13:51,"Yes, I want to participate",19,Freshman student,Black or African American,Man,Mostly conservative,Zip Code,No,Plastic bottled water,No,Public Supply,Strongly agree,Neither agree nor disagree,Strongly agree,Neither agree nor disagree,Neither agree nor disagree,2,4,5,3,6,1,7,making the taste better ,,2-6 glasses per day
TRUE,11/7/2023 13:51,"Yes, I want to participate",19,Freshman student,Black or African American,Man,Prefer not to answer,Zip Code,No,Plastic bottled water,No,Public Supply,Somewhat agree,Somewhat agree,Somewhat agree,Neither agree nor disagree,Strongly agree,1,2,3,6,7,5,4,if there was more transparency on the subject,,2-6 glasses per day
TRUE,11/7/2023 13:51,"Yes, I want to participate",20,Junior student,"Asian,White/Caucasian",Man,Prefer not to answer,Prefer not to answer,No,Plastic bottled water,No,Well,Neither agree nor disagree,Neither agree nor disagree,Neither agree nor disagree,Neither agree nor disagree,Neither agree nor disagree,,,,,,,,,,7-12 glasses per
TRUE,11/7/2023 13:51,"Yes, I want to participate",19,Sophomore student,White/Caucasian,Woman,Mostly liberal,Zip Code,No,Plastic bottled water,No,,Somewhat disagree,Somewhat disagree,Strongly agree,Somewhat disagree,Somewhat disagree,1,2,3,4,5,6,7,,,2-6 glasses per day
TRUE,11/7/2023 13:51,"Yes, I want to participate",19,Sophomore student,White/Caucasian,Man,Mostly liberal,Zip Code,No,Plastic bottled water,Yes,Public Supply,Somewhat agree,Somewhat agree,Strongly agree,Somewhat agree,Somewhat agree,1,2,3,4,5,6,7,,,2-6 glasses per day
TRUE,11/7/2023 13:52,"Yes, I want to participate",21,Junior student,White/Caucasian,Man,Consistently conservative,Prefer not to answer,No,Plastic bottled water,No,Public Supply,Somewhat disagree,Somewhat disagree,Somewhat agree,Somewhat agree,Somewhat disagree,,,,,,,,,,2-6 glasses per day
TRUE,11/7/2023 13:52,"Yes, I want to participate",19,Sophomore student,White/Caucasian,Woman,Consistently conservative,Prefer not to answer,No,Plastic bottled water,No,Well,Strongly disagree,,Somewhat disagree,Somewhat disagree,Somewhat disagree,,,,,,,,,,7-12 glasses per
TRUE,11/7/2023 13:52,"Yes, I want to participate",23,Junior student,White/Caucasian,Woman,Mixed,Prefer not to answer,No,Glass bottled/canned/boxed water,No,Well,Strongly disagree,Strongly disagree,Somewhat agree,Strongly disagree,Somewhat disagree,,,,,,,,,,2-6 glasses per day
TRUE,11/7/2023 13:52,"Yes, I want to participate",21,Senior student,Prefer not to answer,Woman,Prefer not to answer,Prefer not to answer,No,Tap water,No,,Strongly agree,Somewhat agree,Strongly agree,Somewhat agree,Neither agree nor disagree,5,1,4,3,7,2,6,I already trust it,No,Less than 2 glasses per day
TRUE,11/7/2023 13:52,"Yes, I want to participate",18,Freshman student,Prefer not to answer,Woman,Prefer not to answer,Zip Code,No,Tap water,Yes,,Strongly agree,Neither agree nor disagree,Strongly agree,Strongly agree,Strongly agree,,,,,,,,,Yes,7-12 glasses per
TRUE,11/7/2023 13:53,"Yes, I want to participate",19,Sophomore student,White/Caucasian,Man,Mostly conservative,Zip Code,,Plastic bottled water,No,Public Supply,Strongly agree,Strongly disagree,Somewhat disagree,Somewhat disagree,Somewhat disagree,,,,,,,,If there was a filter,,7-12 glasses per
TRUE,11/7/2023 13:53,"Yes, I want to participate",18,Freshman student,White/Caucasian,Woman,Prefer not to answer,Prefer not to answer,,Plastic bottled water,No,Well,Neither agree nor disagree,Strongly disagree,Somewhat agree,Somewhat agree,Strongly agree,,,,,,,,,,7-12 glasses per
TRUE,11/7/2023 13:53,"Yes, I want to participate",19,Sophomore student,Black or African American,Man,Mixed,Zip Code,No,Plastic bottled water,Yes,Public Supply,Somewhat agree,Somewhat agree,Strongly agree,Strongly agree,Somewhat agree,,,,,,,,Trusted source with website and information on water,,7-12 glasses per
TRUE,11/7/2023 13:54,"Yes, I want to participate",24,Master's student,Asian,Man,Mostly liberal,Zip Code,Yes,Plastic bottled water,No,,Strongly disagree,Neither agree nor disagree,Strongly disagree,Neither agree nor disagree,Neither agree nor disagree,,,,,,,,,,
TRUE,11/7/2023 13:54,"Yes, I want to participate",21,Senior student,Black or African American,Woman,Prefer not to answer,Prefer not to answer,,Plastic bottled water,No,Public Supply,Somewhat agree,Somewhat disagree,Strongly agree,Neither agree nor disagree,Somewhat agree,3,5,1,6,4,7,2,,,13 or more glasses per day
TRUE,11/7/2023 13:55,"Yes, I want to participate",24,Master's student,Asian,Woman,Prefer not to answer,Prefer not to answer,No,Tap water,Yes,,Neither agree nor disagree,Neither agree nor disagree,Neither agree nor disagree,Neither agree nor disagree,Somewhat agree,6,7,1,5,4,2,3,Just heard it from people in my community,No,2-6 glasses per day
TRUE,11/7/2023 14:00,"Yes, I want to participate",18,Freshman student,,Woman,Mostly liberal,Zip Code,No,Plastic bottled water,Yes,Public Supply,Somewhat disagree,Strongly agree,Somewhat agree,Somewhat disagree,Strongly agree,,,,,,,,,,Less than 2 glasses per day
TRUE,11/7/2023 15:14,"Yes, I want to participate",21,Senior student,White/Caucasian,Man,Mixed,Zip Code,No,Tap water,No,Public Supply,Somewhat agree,Neither agree nor disagree,Neither agree nor disagree,Neither agree nor disagree,Somewhat agree,1,2,4,3,7,6,5,,Yes,7-12 glasses per
TRUE,11/7/2023 15:39,"Yes, I want to participate",27,PhD student,Asian,Man,Other,Prefer not to answer,,Plastic bottled water,Yes,Public Supply,Neither agree nor disagree,Neither agree nor disagree,Somewhat agree,Neither agree nor disagree,Somewhat disagree,2,5,1,3,6,4,7,Some time it is the only way to get water,,2-6 glasses per day
FALSE,11/8/2023 8:25,"Yes, I want to participate",,,,,,,,,,,,,,,,,,,,,,,,,
FALSE,11/8/2023 8:34,"Yes, I want to participate",,Senior student,Prefer not to answer,Woman,Prefer not to answer,Prefer not to answer,,Plastic bottled water,No,Public Supply,Somewhat disagree,Somewhat disagree,Somewhat agree,Neither agree nor disagree,Neither agree nor disagree,,,,,,,,,,
FALSE,11/8/2023 10:00,"Yes, I want to participate",20,Junior student,White/Caucasian,Woman,Mostly conservative,Zip Code,No,Plastic bottled water,No,,Neither agree nor disagree,Neither agree nor disagree,Strongly agree,Neither agree nor disagree,Neither agree nor disagree,,,,,,,,,,
FALSE,11/8/2023 10:03,"Yes, I want to participate",18,Freshman student,"Black or African American,Hispanic or Latino",Woman,Prefer not to answer,Prefer not to answer,No,Plastic bottled water,Yes,,Somewhat agree,Somewhat disagree,Strongly agree,Neither agree nor disagree,Somewhat agree,1,7,3,4,6,2,5,,,
FALSE,11/8/2023 10:14,"Yes, I want to participate",19,Sophomore student,Hispanic or Latino,Man,Mixed,,No,Tap water,Yes,Public Supply,,,,,,,,,,,,,,,
FALSE,11/8/2023 10:29,"Yes, I want to participate",19,,,,,,,,,,,,,,,,,,,,,,,,
FALSE,11/8/2023 10:32,"Yes, I want to participate",21,,,,,,,,,,,,,,,,,,,,,,,,
FALSE,11/9/2023 12:43,"Yes, I want to participate",24,Junior student,Hispanic or Latino,Woman,,Prefer not to answer,,Glass bottled/canned/boxed water,,,,,,,,,,,,,,,,,
FALSE,11/9/2023 12:58,"Yes, I want to participate",19,,,,,,,,,,,,,,,,,,,,,,,,
TRUE,11/12/2023 8:35,"Yes, I want to participate",37,Junior student,Asian,Woman,Mostly liberal,Prefer not to answer,No,Tap water,No,Public Supply,Strongly agree,Somewhat agree,Somewhat agree,Strongly agree,Strongly agree,,,,,,,,Source of origin,Yes,7-12 glasses per
FALSE,11/14/2023 10:28,"Yes, I want to participate",67,,,,,,,,,,,,,,,,,,,,,,,,
FALSE,11/14/2023 11:21,"Yes, I want to participate",22,Senior student,Black or African American,Man,Mostly liberal,Prefer not to answer,No,Tap water,Yes,Public Supply,Neither agree nor disagree,Strongly disagree,Somewhat agree,Neither agree nor disagree,Somewhat agree,,,,,,,,,,
FALSE,11/14/2023 11:32,"Yes, I want to participate",19,Sophomore student,Asian,Woman,Prefer not to answer,Prefer not to answer,No,Tap water,Yes,Public Supply,,,,,,,,,,,,,,,
FALSE,11/14/2023 11:44,"Yes, I want to participate",18,,,,,,,,,,,,,,,,,,,,,,,,
FALSE,11/14/2023 11:54,"Yes, I want to participate",27,Senior student,Asian,,Mostly liberal,Prefer not to answer,No,Tap water,No,Public Supply,Strongly agree,,Strongly agree,Strongly agree,Neither agree nor disagree,,,,,,,,,,
FALSE,11/14/2023 12:56,"Yes, I want to participate",,,,,,,,,,,,,,,,,,,,,,,,,
FALSE,11/14/2023 12:57,"Yes, I want to participate",18,Freshman student,White/Caucasian,Woman,Prefer not to answer,Zip Code,Yes,Tap water,Yes,Public Supply,Somewhat agree,Strongly agree,Neither agree nor disagree,Neither agree nor disagree,Strongly agree,,,,,,,,,,
FALSE,11/14/2023 13:02,"Yes, I want to participate",30,,,,,,,,,,,,,,,,,,,,,,,,
FALSE,11/14/2023 13:03,"Yes, I want to participate",18,Freshman student,Asian,Man,Mixed,Zip Code,No,Plastic bottled water,No,Public Supply,,,,,,,,,,,,,,,
FALSE,11/14/2023 13:05,"Yes, I want to participate",21,,,,,,,,,,,,,,,,,,,,,,,,
FALSE,11/14/2023 13:06,"Yes, I want to participate",24,PhD student,Asian,Woman,Prefer not to answer,Prefer not to answer,,Tap water,Prefer not to answer,Public Supply,,,,,,,,,,,,,,,
FALSE,11/14/2023 13:08,"Yes, I want to participate",22,Senior student,Black or African American,Man,Mixed,Zip Code,No,Plastic bottled water,Yes,Well,Strongly agree,Somewhat agree,Strongly agree,Somewhat agree,Neither agree nor disagree,1,5,2,3,4,6,7,,,
FALSE,11/14/2023 13:09,"Yes, I want to participate",19,Sophomore student,White/Caucasian,Woman,Consistently liberal,Zip Code,,Plastic bottled water,No,Public Supply,,,,,,,,,,,,,,,
FALSE,11/14/2023 13:11,"Yes, I want to participate",21,Senior student,White/Caucasian,Woman,Mostly liberal,Prefer not to answer,Yes,Plastic bottled water,Yes,,Strongly disagree,Strongly disagree,Somewhat disagree,Strongly disagree,Strongly disagree,,,,,,,,,,
FALSE,11/14/2023 13:28,"Yes, I want to participate",,,,,,,,,,,,,,,,,,,,,,,,,
FALSE,11/14/2023 13:32,"Yes, I want to participate",18,Freshman student,Black or African American,Man,Mixed,Prefer not to answer,,Plastic bottled water,Yes,Public Supply,,,,,,,,,,,,,,,
FALSE,11/14/2023 13:33,"Yes, I want to participate",23,Master's student,Asian,Woman,Prefer not to answer,Zip Code,,Tap water,,,,,,,,,,,,,,,,,
FALSE,11/14/2023 13:34,"Yes, I want to participate",22,Senior student,Asian,Non-binary,leftist,Zip Code,No,Tap water,No,Public Supply,Somewhat agree,Neither agree nor disagree,Neither agree nor disagree,Somewhat agree,Strongly agree,,,,,,,,,,
FALSE,11/14/2023 13:34,"Yes, I want to participate",20,Junior student,White/Caucasian,Man,Mostly liberal,Prefer not to answer,Yes,Tap water,,,,,,,,,,,,,,,,,
FALSE,11/14/2023 13:35,"Yes, I want to participate",18,Freshman student,"American Indian or Alaska Native,Black or African American",Woman,Other,Zip Code,,Plastic bottled water,,,,,,,,,,,,,,,,,
FALSE,11/14/2023 13:40,"Yes, I want to participate",18,Freshman student,Prefer not to answer,Woman,Consistently liberal,Prefer not to answer,No,Plastic bottled water,No,Well,Somewhat agree,Neither agree nor disagree,Strongly agree,Neither agree nor disagree,Strongly agree,7,6,1,4,3,2,5,,,
FALSE,11/14/2023 13:41,"Yes, I want to participate",20,Sophomore student,Black or African American,Woman,Consistently liberal,Prefer not to answer,Yes,Plastic bottled water,Yes,Public Supply,,,,,,,,,,,,,,,
FALSE,11/14/2023 13:46,"Yes, I want to participate",,,,,,,,,,,,,,,,,,,,,,,,,
FALSE,11/14/2023 13:46,"Yes, I want to participate",,,,,,,,,,,,,,,,,,,,,,,,,
FALSE,11/14/2023 13:50,"Yes, I want to participate",24,Master's student,Asian,Woman,Consistently conservative,Zip Code,No,Tap water,,,,,,,,,,,,,,,,,
FALSE,11/14/2023 14:00,"Yes, I want to participate",21,,,,,,,,,,,,,,,,,,,,,,,,
FALSE,11/14/2023 14:02,"Yes, I want to participate",21,Senior student,"Asian,White/Caucasian",Woman,Mostly liberal,Zip Code,,Plastic bottled water,Yes,Public Supply,Strongly disagree,Somewhat agree,Neither agree nor disagree,Neither agree nor disagree,Strongly agree,2,3,1,4,5,7,6,,,
FALSE,11/14/2023 15:37,"Yes, I want to participate",,,,,,,,,,,,,,,,,,,,,,,,,
FALSE,11/14/2023 15:46,"Yes, I want to participate",18,Freshman student,Hispanic or Latino,Woman,idk,Zip Code,No,Plastic bottled water,No,Public Supply,,,,,,,,,,,,,,,
FALSE,11/23/2023 17:18,,,,,,,,,,,,,,,,,,,,,,,,,,
